,Variance,Skewness,Kurtosis,Entropy,class
96,0.7208821005415775,0.5556320557386987,0.2555353565812997,0.8585558798657902,0.0
983,0.3611838262336933,0.4626394309384203,0.277610011415771,0.810466733953463,1.0
956,0.4303557392063115,0.279209869521454,0.4584013612768433,0.8504432745028506,1.0
577,0.788806438353201,0.3361197693519479,0.37398496564499106,0.7283968466133828,0.0
1352,0.6152564740497156,0.6436704621567314,0.05407198397484225,0.6476172290569846,1.0
120,0.7576531164139066,0.9152918461198816,0.08094427811402852,0.40364803549833145,0.0
283,0.5310776020595808,0.4817648093336876,0.5761475003769359,0.8402138628986061,0.0
416,0.8214092551327262,0.9310113864701943,0.05171128868977104,0.39047255335206454,0.0
356,0.7040290187424731,0.8552088517364087,0.0850798027010145,0.6892432053974922,0.0
407,0.5033623232301381,0.7472712509401416,0.2750597712537963,0.6744319266755776,0.0
360,0.7037045049722722,0.3581892406650028,0.4082753570120835,0.7927121125326204,0.0
331,0.6550995536132806,0.5619034077089734,0.40938247140672457,0.8594969857333806,0.0
420,0.3287036035451327,0.9704206221211089,0.3492148965041894,0.4370368349745856,0.0
58,0.7341078395315465,0.36159433033860067,0.4245891399401211,0.8672567900561027,0.0
161,0.7638333008819564,0.8377867665492971,0.0864453873823422,0.6680760522654737,0.0
235,0.6554240673834817,0.5913293694597133,0.3214594955521572,0.7696669303581658,0.0
1369,0.23738542861057632,0.011768139586225468,0.985603205031555,0.5247551760822717,1.0
152,0.873389149701808,0.5233446961051013,0.23645206453141493,0.8872491520954382,0.0
473,0.7112620701093972,0.7889293425183445,0.19245395998018397,0.6064722623821345,0.0
255,0.806568158708868,0.37769928193768315,0.3926249811532083,0.9254571410385808,0.0
957,0.47105481398149557,0.5065422624014488,0.22858995842936225,0.8466806695945516,1.0
693,0.6194535188109817,0.8589245155230929,0.15738686540159824,0.6192840321158061,0.0
734,0.7094736386647341,0.5947344591333111,0.306916234087923,0.812112532620457,0.0
678,0.6857624991887157,0.5674787743173918,0.30148835806750385,0.814934940942197,0.0
590,0.8420988108373177,0.40278843167556605,0.34305038016671335,0.8874764723533103,0.0
495,0.49873151172937,0.9015891665762386,0.067805371874125,0.2209280122207371,0.0
467,0.7223171725475774,0.850640044602933,0.10268593706248522,0.6828973330787347,0.0
758,0.7913160115094218,0.5847474433763522,0.22670751933142355,0.8892404775543977,0.0
344,0.7673164153487804,0.7821902584500481,0.17156396062635967,0.7965920146939814,0.0
1332,0.5730314634128754,0.6415001852219109,0.03391991728950827,0.44115587804722806,1.0
1356,0.2137103462201358,0.6247778272534397,0.2652060223576798,0.7178146339689208,1.0
672,0.6748804707613094,0.41703368045291433,0.36353845822473996,0.7694317902834229,0.0
771,0.43677390043917536,0.2661245963471994,0.4786266612100718,0.8269274484664976,1.0
1286,0.044523289271574784,0.8720097886973475,0.22870071294720748,0.1542595269920074,1.0
401,0.6673733855439934,0.2968639498291843,0.5623796497727616,0.6997081207888922,0.0
1143,0.33028290389344417,0.6188133075394673,0.20075904107523643,0.5174627422097348,1.0
346,0.8033013867555114,0.532945926427612,0.2995325995649084,0.8605553888540332,0.0
287,0.5724538289019176,0.9100270536245496,0.1666530251793138,0.410585849768588,0.0
879,0.4668188275678054,0.5684067547998668,0.16632132164473262,0.6750138665357301,1.0
560,0.7995081813527177,0.933488495661317,0.03997242983608679,0.3462633096010984,0.0
543,0.40531048756391125,0.9514531500821337,0.22523105089710732,0.1314547587222783,0.0
814,0.4172021143874984,0.4602409007397651,0.3514291252934715,0.8178737372359676,1.0
857,0.6012951705139578,0.6757269492267453,0.0189717190427984,0.5134619056711858,1.0
418,0.41714442305057375,0.5748352647550767,0.529601309582786,0.8158751375287561,0.0
136,0.899992067441173,0.8696075166419082,0.014836194455812357,0.42081526137283254,0.0
681,0.66958007918136,0.36035577574303923,0.45315872229521614,0.7407430644589323,0.0
1271,0.5026788251159237,0.6553600227504892,0.032076162577810347,0.390590759886158,1.0
388,0.3453836113334632,0.946884342948658,0.3392853296573115,0.4796002800585577,0.0
368,0.7601266324845497,0.6337582835354559,0.2374855148943503,0.7622593815070424,0.0
233,0.5416574721098444,0.4916758653979278,0.5458418592629289,0.810466733953463,0.0
273,0.7021540502924231,0.7697261335019663,0.2103556120360997,0.818109241023123,0.0
1145,0.3403788878552525,0.16623947135047357,0.6254593232386327,0.7046464260709058,1.0
191,0.7938616417512206,0.8958566419828848,0.05053094104723546,0.3584931394746174,0.0
565,0.6210616648277554,0.8114590622158527,0.2402171150408168,0.577657146494267,0.0
1315,0.2951128226207732,0.20580586498632353,0.6698989811962867,0.8830119024887022,1.0
1251,0.4518111474085773,0.520247561244841,0.226375298856269,0.7450930649135729,1.0
113,0.8120704699680535,0.7704221188638226,0.1725590712301032,0.8464460750884276,0.0
1192,0.19040304610258968,0.031281922715690025,0.9021474572985548,0.624457841184975,1.0
823,0.3651212599787985,0.6362353927265788,0.16923772804618006,0.5425043418169253,1.0
1268,0.22362604475405468,0.033448457793726405,0.7903073642492515,0.4760722696563827,1.0
871,0.45317771095197923,0.610222004363005,0.09648265018200616,0.6624385098702457,1.0
717,0.7231392740987532,0.787301634817229,0.21009757253322422,0.5733107831637524,0.0
1347,0.11944991310242381,0.8566794014525888,0.20965429599155666,0.23915000409176468,1.0
354,0.7635376327802177,0.8660490108401591,0.05389105477416162,0.4175236640388445,0.0
824,0.4768693796017856,0.5098717665680064,0.22962349494905984,0.7630822808405394,1.0
483,0.5776330686743253,0.7844353725205522,0.28284834255928665,0.5539067259517899,0.0
1288,0.31608362359287234,0.4552829405007353,0.2865056971159024,0.7922420142393409,1.0
291,0.34808068133468917,0.9629892945477405,0.23109992030499496,0.06936904989225012,0.0
803,0.5736862600869698,0.6402616306263494,0.05300364012320419,0.6250488738554425,1.0
409,0.5542010110406796,0.781108861839422,0.24276390893230235,0.7396846613382798,0.0
525,0.5997519272512242,0.8452966731151332,0.16170762702737634,0.6139920165125435,0.0
377,0.3641693529195423,0.9514531500821337,0.34205526956296983,0.3034725442592542,0.0
677,0.5258889874449229,0.864342724146576,0.06887371572576304,0.2085799758131246,0.0
252,0.5491854704367957,0.8593885057643303,0.18854115062355958,0.607054202242287,0.0
463,0.3675154504611702,0.9352696194905836,0.30990587373726497,0.46443347245333116,0.0
537,0.5001564877514081,0.4866430680232145,0.5618971719042799,0.8356283586568101,0.0
369,0.6661113875487673,0.5669362050836867,0.277610011415771,0.8552642825318021,0.0
69,0.5167239974327356,0.8515680250854079,0.18743403622891855,0.5560253507551579,0.0
545,0.8037773402851396,0.3355023629825592,0.3719904365993926,0.7325122525618993,0.0
428,0.754797395236138,0.5098717665680064,0.2623266633639908,0.803764423470362,0.0
601,0.69231046592966,0.6134736779084518,0.3074676373661878,0.8138765378215446,0.0
204,0.567900540135142,0.7975206456948067,0.2557197320524695,0.6931231075588532,0.0
1108,0.6124079642890625,0.6503272253757759,0.05300364012320419,0.6320958018494776,1.0
406,0.5184958426180329,0.8126976168114142,0.27399142740215826,0.47348991152695563,0.0
748,0.5695461855209168,0.5156790459761943,0.5122148749649988,0.7289851514407558,0.0
524,0.5317129279074632,0.6864885293380282,0.31632886036142766,0.7600252780126754,0.0
600,0.5911847637179183,0.7548597364984453,0.29451396816507636,0.8405666639388236,0.0
1305,0.2269288737929891,0.6665107559673261,0.2147112671505805,0.5787210053011084,1.0
985,0.5619987163677536,0.5870673945825398,0.09375148081935084,0.7586149831328369,1.0
1037,0.37820277062645585,0.2620983584474288,0.5152777478622353,0.8590268874401011,1.0
1311,0.4271538700069951,0.640186793490666,0.1697546686195533,0.599298035043691,1.0
1316,0.39224339975048506,0.5008127312935224,0.29750360781441837,0.9509715667821454,1.0
221,0.6823226532245853,0.757336845689568,0.19511146531113363,0.7980032188548515,0.0
1198,0.3788517981668578,0.27781415694095724,0.4696189717190429,0.815992434781818,1.0
865,0.4515897569031291,0.6363139717190465,0.08633338359144466,0.4953581203342517,1.0
109,0.7181417620376581,0.9206352176076813,0.08367544747668385,0.40246597015739655,0.0
1034,0.5567906309268835,0.6695304343921541,0.030891507097163318,0.40070196495630905,1.0
35,0.6837288795621228,0.756408865207093,0.1929338531457988,0.7144048301008393,0.0
622,0.8714997584175268,0.49554756461251204,0.2494449350593405,0.8778380934195331,0.0
787,0.31539853896689246,0.12427454751596839,0.6203286880479032,0.61975685825218,1.0
1047,0.5845430485544716,0.6536574779136903,0.048536412001637,0.6010620402447785,1.0
129,0.7578045561733338,0.5569491893267278,0.302780709500937,0.8990061558325831,0.0
606,0.4048922253712078,0.9598910371304449,0.24564283714218021,0.1409749311219619,0.0
484,0.8498871413221414,0.5942704688920737,0.23360975294548433,0.9276939723760422,0.0
87,0.5710093820536675,0.770343539871355,0.2639877657397635,0.7616719859607008,0.0
1210,0.5096389964591943,0.6425853236893211,0.03676309044306117,0.38941778735553795,1.0
612,0.42568995233253293,0.5831983146677044,0.5255777887866975,0.8410367622321031,0.0
866,0.20921763335713106,0.6449090167522928,0.20710750210007112,0.42375223910454,1.0
699,0.7902775674447786,0.8988763204077128,0.05141404786008144,0.37119579548451037,0.0
394,0.3446913152903678,0.9687966562767776,0.24014302022529996,0.07184229429789868,0.0
1222,0.5295278685214432,0.5218733980175643,0.1521485342580826,0.8217545486783601,1.0
894,0.3752100325234913,0.17529850662495744,0.6258297973162169,0.7677859916164289,1.0
477,0.7594631821099165,0.7656998956021958,0.17584164387102336,0.7420360620857088,0.0
1116,0.471815618487189,0.5817277649515242,0.13092381588299912,0.7153459359684298,1.0
1188,0.2900431963885224,0.49020456731039075,0.34426949835225196,0.8552642825318021,1.0
500,0.7865132077104473,0.6540466310192444,0.25804510306502687,0.8092910335797485,0.0
1346,0.5984971406731138,0.6977140996905484,0.0,0.24315084063031356,1.0
49,0.6257346631186496,0.6383270906689318,0.351579899627372,0.7851872664284351,0.0
1024,0.2910527947847032,0.05745246906419904,0.7427272923083551,0.5808396301044764,1.0
234,0.7046780462828751,0.6227647083035543,0.24974002196997439,0.8236358511325096,0.0
59,0.45137774123993113,0.940455832993448,0.2115002046223103,0.13627394818916683,0.0
1146,0.2388493462850385,0.02996478912766093,0.7869472505223254,0.5332205824854288,1.0
436,0.5352241669010378,0.5419293761950555,0.2603355805888815,0.7368631622975713,0.0
4,0.5315780744074019,0.3486624732924972,0.4246623731880156,0.6873619029433427,0.0
1138,0.32061960495857045,0.1655434859886173,0.6496349107200552,0.7517953753966738,1.0
1163,0.5570026465900815,0.6968646982005411,0.0031361061451310734,0.22221919128545053,1.0
309,0.814161780931571,0.8033280074238438,0.10840674607448254,0.6793693226765597,0.0
993,0.4741932227101949,0.6028655139253201,0.09929136063066754,0.6824245069423607,1.0
949,0.2831418702089148,0.19248859669145024,0.6774678527580934,0.8656109913891086,1.0
1158,0.26839452220755905,0.5143627430803713,0.3553061795937709,0.7363921547232604,1.0
479,0.659000930272808,0.6080517274281845,0.3111982251706981,0.7735470143757331,0.0
415,0.7820349176816737,0.37057478662061694,0.4019256036358154,0.8639651927221146,0.0
330,0.5843267060410042,0.607202325938177,0.336222456760075,0.7617892832137629,0.0
256,0.7309131817493457,0.4061935213491639,0.3234884873026472,0.797533120561572,0.0
1106,0.4986839163764072,0.472319614439077,0.1867327201843755,0.8298671540412995,1.0
1135,0.3896689238402239,0.6410361949806733,0.15318241540482913,0.4531492948525601,1.0
444,0.6041004117719174,0.7443301515077811,0.24774678527580937,0.8225774480118571,0.0
493,0.71036064296995,0.9383678769078793,0.08386068451547593,0.37542395228093145,0.0
431,0.6022110204876361,0.6995738025122826,0.31392939453335345,0.7972976167744165,0.0
1173,0.16556692555654118,0.6321343176911247,0.2740258901070498,0.6593742327941297,1.0
66,0.8399498085368757,0.36283288493416205,0.3465569603894286,0.8063513280049465,0.0
373,0.6456093286891809,0.8473097920650186,0.12697352833480519,0.7085263282322668,0.0
1012,0.3443018987661266,0.6387162437744858,0.13051887910052343,0.5532065795575438,1.0
729,0.438661128298322,0.518776225738736,0.4956813922932777,0.6424434199878156,0.0
655,0.6993848661200414,0.9159129943460544,0.08519180649191205,0.40658501323003904,0.0
41,0.49296526260375434,0.8603950652392731,0.06813707540870614,0.1580239504623694,0.0
340,0.8678507813570446,0.8096779383865862,0.12641781721842893,0.7118179255662548,0.0
858,0.5265437841190173,0.7028254760577294,0.010627436620931824,0.19658655900779254,1.0
468,0.8374474467977704,0.7851350997391926,0.0864453873823422,0.6413886539912891,0.0
499,0.5716158622330875,0.7619804899587274,0.2517703060718979,0.7370977568036954,0.0
1221,0.3754624321225365,0.26256234868866635,0.4456286212764125,0.7272211462396683,1.0
341,0.4227116370637995,0.9460311996018664,0.2344217804294915,0.15719650472371494,0.0
881,0.18432382147415788,0.018118070548967857,0.9733474056044975,0.48453767605953973,1.0
1176,0.464864533529484,0.6082088854131197,0.10419798823960197,0.6955927148403758,1.0
20,0.9251382789231912,0.8106096607258454,0.1148685032416482,0.7329823508551788,0.0
989,0.020877052549596542,0.8452966731151332,0.22504650311241306,0.4385644271074861,1.0
898,0.1299136793371266,0.7632976235467563,0.219140586296767,0.15344117406366786,1.0
731,0.5812618537668838,0.8562154112113514,0.20098046395416463,0.6215208634532675,0.0
575,0.6960820370811069,0.8150213098743859,0.2175535787365111,0.6171654073124381,0.0
497,0.5043731475672285,0.4553615194932029,0.5928317573825577,0.8459750675141167,0.0
1082,0.40726478160223273,0.6019337915860609,0.20854718159691563,0.6417432735935695,1.0
1217,0.5522950334970326,0.6610925473438429,0.024063583690524915,0.37766078361839295,1.0
237,0.788395387577613,0.43484117688879576,0.34102138841622337,0.8777198868854397,0.0
1248,0.20525856536067905,0.20921469651670555,0.7502186227841557,0.6316320685234186,1.0
412,0.7801887949000859,0.8813008190924501,0.05938785620436385,0.4560862725842676,0.0
474,0.6940123603689362,0.8803728386099751,0.09094707820880094,0.5048782927339353,0.0
213,0.5569355804109066,0.6024015236840825,0.4391668641092468,0.8272802495067151,0.0
551,0.7626866855605796,0.8656598577346051,0.07127318155383722,0.6639661020031461,0.0
1284,0.5949491234522497,0.6678278895553551,0.022512761970405193,0.5396855706193113,1.0
1207,0.23430615350222478,0.03979838875646874,0.77893467163504,0.5203997199414423,1.0
912,0.5963841954582496,0.6662001818542398,0.027682167704137672,0.4215154077670786,1.0
532,0.6897576242707455,0.5990712711461682,0.34504490921231185,0.8495030779162915,0.0
762,0.4070844961743433,0.6395656452644931,0.16772136903095183,0.5958882311756095,1.0
555,0.6729261767229879,0.655053190494187,0.25490770456846235,0.7410949562181184,0.0
903,0.44907729918006195,0.30065819260833615,0.41691257242552826,0.8064686252580086,1.0
1057,0.3604266274365576,0.5612860013395847,0.2357137010791135,0.6780690508015312,1.0
662,0.722273904044884,0.8444435297683417,0.07108794451504516,0.6522090982660012,0.0
197,0.6459843223791908,0.7429344389272845,0.2379283606522067,0.594360639042709,0.0
1065,0.2481376515299022,0.27069340348067517,0.6810476662287032,0.7327468470680233,1.0
908,0.37903929501186284,0.21169180570782836,0.5329614233097121,0.6671394928030406,1.0
1000,0.29993726067109455,0.6611673844795265,0.2195834320546234,0.6711403293415896,1.0
1336,0.35967664005653754,0.10870842329380687,0.6366424709759407,0.6489175009320131,1.0
891,0.46816664142670683,0.6226075503186191,0.15668899562754435,0.5561435572892514,1.0
247,0.6563687630256223,0.4782033100465113,0.4522368449393672,0.7506187657419279,0.0
738,0.5746872047826119,0.8682941249106633,0.19917160273116938,0.625167080389536,0.0
1005,0.29877622251548663,0.49275988130830284,0.3399142740215823,0.9025341662347581,1.0
783,0.5419942452891419,0.641114773973141,0.0335882137549271,0.4096401974958401,1.0
933,0.500455040419993,0.5834303097883232,0.13221616731643226,0.7256926448257363,1.0
842,0.37104183343068753,0.2613237940931049,0.4550024770069141,0.7476799694481574,1.0
366,0.7615977615761274,0.7523040483148549,0.1510758825683331,0.7754282259017795,0.0
859,0.08430867749821525,0.8586925204024741,0.21589247636073838,0.22786582649099352,1.0
210,0.817197787537229,0.8589245155230929,0.029267452129148996,0.3838893586840885,0.0
1044,0.4003562440055096,0.43236406769767294,0.29687466345014757,0.8585558798657902,1.0
492,0.37506580418117974,0.9206352176076813,0.3470006677149073,0.49629467979668473,0.0
839,0.4111012555077199,0.437628860193005,0.34873672647381915,0.8324540585758841,1.0
1203,0.021879439528661837,0.7768468869622485,0.2569379886703858,0.08724551497131217,1.0
853,0.28164189544887475,0.5311648025983454,0.3406896848816422,0.7714305718468407,1.0
893,0.45209960409320044,0.23670237645324366,0.5073814806039589,0.8101139329132455,1.0
278,0.5724249832334553,0.8063476858486718,0.1093673939733345,0.6012984533129655,0.0
207,0.6924835399404339,0.8621761890685395,0.07300924031274908,0.6539731034670886,0.0
994,0.44485068760862206,0.577233794953732,0.13309927412927824,0.7062922247378998,1.0
1059,0.27487037477734755,0.24545083761464115,0.7292911452387619,0.6912418051047038,1.0
790,0.591804945589858,0.6579157109340797,0.014874964998815354,0.40529383416532544,1.0
807,0.19823464509010674,0.6404187886112847,0.26099812609042156,0.6865390036098458,1.0
1281,0.3065789758345413,0.30158617309081115,0.484162233183277,0.8190494376096821,1.0
122,0.4027504344878813,0.8566794014525888,0.302780709500937,0.31134691799194375,0.0
506,0.6587701649251095,0.8261720430912227,0.22870071294720748,0.4797184865926512,0.0
899,0.40365907304444404,0.5955876024801027,0.20736597238675775,0.625630813715595,1.0
1166,0.34933546791279957,0.4358477363637384,0.3016003618584014,0.8183447448102785,1.0
633,0.8272649258305751,0.42740984931542736,0.3011566545329227,0.8599670840266601,0.0
987,0.4677051107313099,0.6356179863571901,0.08519180649191205,0.5229911708811843,1.0
686,0.5627595208734469,0.7331794182909444,0.27923406638378534,0.7185202360493558,0.0
609,0.753686837000339,0.7176132940687828,0.11903849053352576,0.6954745083062822,0.0
1233,0.0,0.8596205008849491,0.23888814698343638,0.3514371186702674,1.0
631,0.6448088613893517,0.5518385613309036,0.4097874081892003,0.8512661738363476,0.0
591,0.6179391212167104,0.306308396352438,0.6006203286880479,0.6206934177146131,0.0
177,0.7716432656181267,0.7281466209162311,0.15380705193098845,0.7556752775580349,0.0
777,0.3764792419358329,0.6183493172982297,0.1965877614319254,0.5633177846276949,1.0
1357,0.32106671281973626,0.5007352748580901,0.2679742391280936,0.8163452358220356,1.0
562,0.330405497984409,0.9917155290798401,0.26723587567579216,0.08241723269410872,0.0
322,0.3827603862435008,0.5908616373616916,0.5620824089430719,0.8623184847740891,0.0
198,0.7978423439990193,0.43337062717261565,0.33389622417989534,0.8810114842194277,0.0
114,0.6363354462785483,0.7742163616429745,0.17281754151678982,0.6339780135846587,0.0
1253,0.17949217200672113,0.04444203302562799,0.8929200680638423,0.6410340343890086,1.0
1349,0.3935270319970578,0.43468776076064464,0.30130312102871176,0.8592614819462251,1.0
992,0.4012432483107256,0.5207119256717568,0.17765093587782974,0.7330996481082408,1.0
1208,0.3668447886694215,0.25435271490418976,0.4662976285351197,0.7655518881220619,1.0
720,0.8829154317114858,0.5276033033111691,0.23545566157623798,0.8845394946216028,0.0
1010,0.29210566168357754,0.2674417299352285,0.6004350916492559,0.9427425734471754,1.0
39,0.7588285774037458,0.8783597196600896,0.06599607986731859,0.46466988552151817,0.0
553,0.7290237904650644,0.35029018099361264,0.3924397441144162,0.7029997181228802,0.0
1250,0.33212902667503197,0.6501738092476248,0.1666917957223168,0.5140529383416532,1.0
490,0.6471669947861455,0.7414638892111043,0.2389251943911948,0.590596215572347,0.0
977,0.4184857466340711,0.2706148244882075,0.43514334331315835,0.7742524345999618,1.0
75,0.6741737518839828,0.647696700056502,0.2525086695241993,0.8154050392354766,0.0
920,0.1125918554255097,0.8215246569652793,0.23970017446744354,0.31969411786100727,1.0
494,0.6931542017321825,0.35044359712176376,0.4855665884076077,0.7843641852387317,0.0
107,0.3738182290201848,0.8104525027409102,0.15602128072027055,0.610109386508088,0.0
1300,0.3399750484967802,0.5691813191541907,0.19234324854071988,0.6603198850668777,1.0
568,0.8210631071111785,0.6399547983700472,0.2637292954530769,0.8363339607372451,0.0
5,0.8228587499729574,0.8772745811926794,0.05710039416718721,0.4897114851287087,0.0
656,0.4096733949188356,0.9155238412405005,0.30104465074202513,0.5133436991370923,0.0
769,0.4433586454074091,0.635075417123485,0.14923212785663517,0.5094701619429518,1.0
435,0.5953673856449532,0.844600687753277,0.13435716285781985,0.7098193258590433,0.0
305,0.5819974183126727,0.8808368288512126,0.16875525017769835,0.6149376687852914,0.0
1092,0.3955390173723039,0.1456442916103829,0.5770306071897818,0.6790147030742791,1.0
773,0.39784667084928865,0.28137640459949037,0.45828935748594574,0.831748456495449,1.0
1090,0.40234659512940896,0.45660007408876435,0.33264264328946525,0.8225774480118571,1.0
391,0.6611859896588279,0.7727458119267943,0.24700885260731906,0.5751929948989334,0.0
382,0.569999062515775,0.616261361212661,0.41255734809485867,0.8270447457195595,0.0
1028,0.31122312845697314,0.6620991068187856,0.20651689749499216,0.4465570073742692,1.0
298,0.5902617023271244,0.5465733946498932,0.46271781506450993,0.7254571410385808,0.0
1354,0.2631950904672278,0.6409613578449899,0.19669847287138953,0.4569046255126072,1.0
419,0.6489770604821554,0.3239624766601683,0.598737803433347,0.6472717022650191,0.0
684,0.358133396793804,0.9203246434945949,0.3416115622374911,0.3374523764059758,0.0
1351,0.6029033165307316,0.5865285672056187,0.0850798027010145,0.7831883939369141,1.0
265,0.6227851935183784,0.6914427477202738,0.28698386714627266,0.7847169862789493,0.0
958,0.48160583836329685,0.6292680553944479,0.0777349387210029,0.5241641434118043,1.0
630,0.6952527241128155,0.6470007146946458,0.26055528033256514,0.8510315793302237,0.0
70,0.7928953118577333,0.42725643318727624,0.3302087147564995,0.821166243850987,0.0
892,0.5232899927164688,0.4893529207063129,0.2655011092683137,0.8042345217636415,1.0
303,0.3695418586706474,0.9527702836701628,0.337368341697719,0.4793638669903707,0.0
826,0.20416242995911127,0.048625428910333945,0.8726172270446076,0.6510270329250661,1.0
813,0.3539940433694626,0.5740607004007529,0.2240868029379456,0.6185747929112451,1.0
26,0.5902761251613555,0.37537558887471145,0.46799491675102856,0.7194613419169463,0.0
103,0.7486749021050128,0.34270169543530893,0.3992676675210546,0.7556752775580349,0.0
1129,0.47830373046607394,0.5095619408262768,0.23032481099360289,0.7691965592805768,1.0
964,0.4061109548637403,0.24939849652194418,0.47091132315247597,0.805763932458605,1.0
384,0.5473371842300732,0.9036022855261239,0.16122514915889463,0.3987106394973495,0.0
947,0.3865391688120633,0.26047065074631337,0.5352876558898917,0.8984151231621157,1.0
202,0.45108928455530806,0.8733269222853765,0.06459172464298793,0.09500168216990823,0.0
616,0.7923977240767585,0.7717392524518516,0.16119068645400308,0.7265155441592333,0.0
1056,0.3559699716591308,0.5595797146460016,0.20474551446356648,0.7020595215363212,1.0
1063,0.3631309088548991,0.26395431941237885,0.6161199302130226,0.7863630577302527,1.0
186,0.742819231407164,0.34843047817187844,0.39151786675856726,0.7635532884148504,0.0
968,0.3668159430009592,0.5231123267988042,0.2814482951730674,0.7435645634996408,1.0
750,0.7993351073419439,0.3510647453479366,0.4321924742068194,0.8806568646171472,0.0
44,0.7138004889340805,0.7742163616429745,0.19352445775087776,0.821283541104049,0.0
789,0.5839300780996475,0.559736872630937,0.1139423180476878,0.7873037089573275,1.0
30,0.48994295769061585,0.5087102942221989,0.4390936308613522,0.7913009083717505,0.0
759,0.5090806164319351,0.8406492869891897,0.2879789777500162,0.41657801176609655,0.0
328,0.7613309391428511,0.7706541139844414,0.19869170956555454,0.7346281495221728,0.0
24,0.8275750167665449,0.8853270569922207,0.02613134598401795,0.43644580230411817,0.0
620,0.7575377337400574,0.348894468413116,0.3803304111831478,0.7913009083717505,0.0
668,0.5489835507575594,0.5144401620972359,0.2812242875912724,0.7261627431190159,0.0
1237,0.4438497429129799,0.6204410152405827,0.0923126628901286,0.6678396391972867,1.0
523,0.6615754061830691,0.4390245727735017,0.33788528227109227,0.7716657119215836,0.0
351,0.5452985166114994,0.3932616643030605,0.3608072888620846,0.6877165225456232,0.0
180,0.626289942236549,0.6281829169270375,0.23755960970986714,0.7639051801740364,0.0
744,0.8673387707418385,0.8278745879280216,0.11818984642557136,0.6606745046691581,0.0
236,0.41211085390390073,0.8707712341017859,0.3328623430331489,0.29818052865599165,0.0
259,0.7265502743944213,0.6012378062242045,0.31876278889439336,0.809172827045655,0.0
1236,0.35883290425401504,0.5217184851466995,0.18440562603657357,0.7018240177491657,1.0
1353,0.5161946794164523,0.6359285604702766,0.07994916751028497,0.5185175082062613,1.0
1093,0.5615083400038943,0.3742156132716177,0.29720636698472874,0.9205197450375988,1.0
838,0.34045100202640827,0.6338368625279236,0.18462963361836865,0.5303927184774998,1.0
1239,0.3314583648832833,0.576305814471257,0.18957460098649495,0.6426798330560026,1.0
747,0.506134824654393,0.7838179661511635,0.2615146358799837,0.7084081216981732,0.0
610,0.4908090488861967,0.8641893080184249,0.3195037370495617,0.3790701692172,0.0
232,0.6707843858396614,0.5141304486112098,0.43171430417644907,0.7520299699027979,0.0
1313,0.3991014574273991,0.24149943685055403,0.5679539922889698,0.8890131572965256,1.0
1350,0.49205085491349915,0.4329066369313781,0.2236069528507119,0.828574156414523,1.0
885,0.5100144228342313,0.4760352782257612,0.2881297520839167,0.8476217754621421,1.0
624,0.843613208431589,0.8012400513382751,0.12328171107329788,0.6646662483973922,0.0
50,0.8196496693565254,0.33263610068588234,0.37571671656579153,0.7247515389581458,0.0
246,0.6266216674238656,0.5334102908545278,0.43211924095892484,0.8886585376942452,0.0
558,0.8240269995456808,0.33278951681403346,0.3727270769164495,0.7746052356401794,0.0
639,0.7879699139677939,0.4018567093363069,0.33685140112434575,0.7956518181074225,0.0
421,0.4249255421182817,0.5638416895231753,0.5594632433713141,0.83421715449594,0.0
972,0.60531914126445,0.5550146493693101,0.12675382859112155,0.813641034034389,1.0
1125,0.24833235979202278,0.0042582330203894125,0.9861201456049282,0.5506151286178019,1.0
1180,0.3478643388212218,0.4684467926674575,0.35689146401878225,0.810349436700401,1.0
889,0.41361082866394083,0.5248156200069599,0.26055528033256514,0.9387417369086264,1.0
579,0.5914011062313856,0.8496334851279902,0.1380834428242187,0.6747774534675433,0.0
64,0.8974031686966807,0.631513169464952,0.1780214099554139,0.9195831855751657,0.0
225,0.6056364436175354,0.6356179863571901,0.4149568139229328,0.8487974758358566,0.0
1112,0.20907340501481952,0.6192024606450213,0.2571223641415556,0.7118179255662548,1.0
815,0.28335821272238215,0.2593892541356872,0.6903870592543133,0.6847795448139157,1.0
338,0.5773633616742027,0.725512353740173,0.32308355052017146,0.7659046891622794,0.0
147,0.6340061585502168,0.5087877506576314,0.4509789562108256,0.8947689062258473,0.0
701,0.9110255356280064,0.906928796207254,0.03886531544144575,0.3828345926875619,0.0
1015,0.4423670755540172,0.21966570251490197,0.5198182092316972,0.808349927712158,1.0
53,0.6916542269721424,0.7454901271108749,0.17772416912572428,0.6647844549314856,0.0
1227,0.3229344698526708,0.45156727671405106,0.2924462058715834,0.8070569300853815,1.0
1368,0.40769025521205177,0.3328680958065011,0.5067525362396882,0.808349927712158,1.0
1283,0.51895737331343,0.5197828226322466,0.1552458698602107,0.8313956554552315,1.0
1195,0.36559000209131104,0.6232286985447919,0.12826587976823833,0.5615537794266074,1.0
559,0.6532534308316928,0.5059229851036682,0.45046201563745236,0.8751375287560126,0.0
804,0.4876324196467849,0.6303531938618582,0.08186615546987747,0.5121707266064722,1.0
28,0.9811421442427652,0.8827713688086303,0.037684967798910146,0.48395573619938714,0.0
289,0.7416437704173249,0.7483563894075518,0.23298253171645814,0.6457350173218037,0.0
16,0.7005170586071869,0.6300426197487717,0.24372369526353202,0.8305727561217345,0.0
973,0.596600537971717,0.6610139683513754,0.019747129902858263,0.41293179482982806,1.0
680,0.7563766955844494,0.6257843867283823,0.2719624356516682,0.8269274484664976,0.0
243,0.7079087611506538,0.7719712475724705,0.18174768992181278,0.7841290451639888,0.0
522,0.5459511498604591,0.5514512791537417,0.401076959527861,0.6819516808059867,0.0
540,0.7946476862168186,0.5279127548672202,0.3249273052318694,0.9739036343962829,0.0
1113,0.3141076953032041,0.5117301597398661,0.25428005255562497,0.7828356838247997,1.0
1032,0.5196316408137364,0.38970315850131154,0.28694509660326967,0.9006519544995772,1.0
1081,0.13868276254966871,0.7641507668935479,0.22556327137226187,0.1843658219445884,1.0
1205,0.38783001247575166,0.46418855964706807,0.3137441574945614,0.8248115515062241,1.0
206,0.8904946310999575,0.7125056595583861,0.10320287763585846,0.7293379524809733,0.0
228,0.7329684356272852,0.39798762942147153,0.31068128459732486,0.7432117624594233,0.0
513,0.9360058845163665,0.7461075334802636,0.11612208413207833,0.7440346617929203,0.0
1303,0.22444814630523047,0.28780491455470036,0.6626273504641697,0.6850068650717878,1.0
1358,0.43488450915489407,0.508245929795283,0.1886889094707821,0.7775446684306718,1.0
336,0.7938400074998739,0.6620991068187856,0.25811876709673254,0.8078798294188785,0.0
32,0.8177025867353195,0.8003869079914836,0.12487130333642064,0.6898315102248652,0.0
922,0.4056205784998811,0.4310469341096439,0.2931096129407457,0.8336297589495986,1.0
1137,0.3933395351520528,0.26813771529708474,0.47766601331121983,0.805998526964729,1.0
510,0.7657875949202779,0.6051892069882917,0.3091692334202081,0.8438591705538431,0.0
74,0.8256351455624547,0.9235014799043582,0.030525340857690597,0.37472380588668536,0.0
1304,0.12604114834606156,0.32280250105707453,0.6728541581407371,0.6756048992061977,1.0
1175,0.3812820457348074,0.5123495867119182,0.1950744179033752,0.7435645634996408,1.0
999,0.1665116211986818,0.2841640879036996,0.7182932345402461,0.6796057357447466,1.0
445,0.7377856622604909,0.38761146055895856,0.34722467529670237,0.7588495776389609,0.0
11,0.7955635361904969,0.414092581020554,0.33087212182566184,0.8557343808250817,0.0
573,0.7135120322494575,0.8585353624175388,0.07064854502767787,0.6677305254735081,0.0
8,0.7388313177422496,0.7308557252279726,0.19525922415835617,0.7215772388772198,0.0
82,0.8697401726413259,0.8370870393306566,0.10117388588536844,0.6607927112032516,0.0
211,0.7613597848113134,0.8966312063372086,0.043517780601805,0.32463151386198935,0.0
1118,0.36801303824214504,0.5741392793932205,0.22969733129428999,0.6752502796039171,1.0
187,0.6399050977507591,0.7536211819028839,0.22615383289895968,0.7817774625603535,0.0
1177,0.4432627335597719,0.5912507904672457,0.12582764339716115,0.6613746510634042,1.0
1136,0.4778032581182529,0.5275258468757367,0.21323497102978872,0.7445047600861998,1.0
670,0.7589367486604794,0.35958121138871535,0.3785254270144528,0.7701372105076516,0.0
1327,0.49050112137536156,0.44862617728169074,0.3196889740883538,0.8901861298271457,1.0
1309,0.19855915886030767,0.22113625223108213,0.737708660908523,0.6047082571810469,1.0
446,0.6847096322898414,0.6263269559620875,0.23634135309195084,0.7721360829991726,0.0
749,0.5715105755432001,0.5400692991876429,0.4866004695543542,0.7379206561371924,0.0
637,0.7458408151785908,0.7803342974850981,0.17060331272750773,0.797533120561572,0.0
538,0.5599391356395446,0.5133561461868609,0.4719839748422255,0.6544368367931477,0.0
910,0.5477128990617948,0.385830336729692,0.3011566545329227,0.8773652672831592,1.0
598,0.587521363823205,0.7938835609005901,0.245421414263252,0.5014684888658538,0.0
397,0.479122226308692,0.739061617155665,0.287647274215435,0.6716040626676487,0.0
883,0.2655027439442126,0.503135301799459,0.31957697029745624,0.8319830510015731,1.0
1140,0.4695627717802826,0.5117301597398661,0.21832855881275984,0.8720732516798967,1.0
751,0.6704238149838826,0.8184301414047679,0.2170000215391906,0.47995489966083815,0.0
797,0.5666681089500899,0.6964755450949871,0.001068343851638065,0.22421960955472509,1.0
1275,0.28438223395279416,0.12396397340288201,0.6142029422534302,0.564254344090128,1.0
482,0.5083490109541426,0.8284171571617267,0.24959226312275187,0.43033543377251604,0.0
765,0.23031823983731048,0.036236141097935604,0.9032890343980874,0.6607927112032516,1.0
536,0.7072957906958297,0.5401467556230753,0.40646606500527716,0.7514425743564563,0.0
293,0.6473040117113416,0.5153693293919108,0.43518211385616135,0.7463860625403493,0.0
1001,0.5052299360347302,0.5724329926996374,0.16702349925689794,0.7080562299389872,1.0
1009,0.25029386524745983,0.04792944354847761,0.8690718762788895,0.7345108522691108,1.0
1042,0.1352861850882317,0.816338443462415,0.22962349494905984,0.3682497249424879,1.0
582,0.800272591566969,0.5303906124296999,0.29045167682598494,0.8366867617774626,0.0
1338,0.6218477092933533,0.5478897798665654,0.12804187218644325,0.8522072797039382,1.0
907,0.40754602686974023,0.4638031483982982,0.3270338380683654,0.7753106558644081,1.0
379,0.8162819375635507,0.6087477127900407,0.24863290757533335,0.8101139329132455,0.0
969,0.35072727141610605,0.27409849315427304,0.4876688134059922,0.7583794793456814,1.0
1011,0.37454658214885816,0.52698365182771,0.26103517349817995,0.9062894968948053,1.0
981,0.07083775032631667,0.8631827485434822,0.20891636332306635,0.19811415114069308,1.0
996,0.3409485898073831,0.5933424884095986,0.20755034785792753,0.6248124607872555,1.0
398,0.8246832385031984,0.5287647756569765,0.3156654532922653,0.8864217063567837,0.0
1033,0.6165617405476351,0.5886951022836552,0.09596570960863293,0.7661392836684034,1.0
295,0.6626210616648278,0.7428558599348168,0.20282594180110713,0.5744837556943725,0.0
1285,0.5291233080212593,0.6981818317885702,0.005906046050789426,0.21058039408239904,1.0
1359,0.512604042720435,0.6085942966618896,0.1010618820944709,0.7207543395437228,1.0
1126,0.26566139512075526,0.2444442781396985,0.7206151592823142,0.7253398437855187,1.0
54,0.863098457477879,0.7210221255991649,0.12099424903612126,0.7312183456540913,0.0
644,0.7265791200628837,0.41835081404094343,0.32758524134663025,0.8048228265910145,0.0
514,0.6531668938263059,0.5845154482557335,0.3628750511555776,0.8162279385689736,0.0
1064,0.24129401668721928,0.003562247658533191,0.9850130312102872,0.5392127444829373,1.0
260,0.7799291838839251,0.7850565207467249,0.15528464040321366,0.6911245078516417,0.0
503,0.8633147999913464,0.5257447230464701,0.23667348741034314,0.8078798294188785,0.0
798,0.11192119363376102,0.856058253226416,0.21102031145669548,0.23385798848850214,1.0
604,0.3168840908927014,0.894696666379791,0.17037930514571265,0.27983123744055577,0.0
78,0.5257447591026113,0.8013934674664263,0.27029961014065096,0.6978268183347427,0.0
22,0.7916910051994319,0.895624646862266,0.06300644021797663,0.411995235367395,0.0
308,0.840714218751127,0.8962457950884388,0.04599047967777373,0.37496021895487236,0.0
671,0.5452963531863647,0.3932616643030605,0.3608072888620846,0.6877147039835602,0.0
770,0.5325992110709676,0.5200151919385437,0.21533891916341785,0.7905962155723469,1.0
1298,0.43855512046672296,0.616261361212661,0.09320007754108603,0.6579648471953227,1.0
430,0.6209895506565997,0.75284661754856,0.21984190234131004,0.5581439755585259,0.0
580,0.8472910311605335,0.8257828899856687,0.11741443556551145,0.6417432735935695,0.0
931,0.4723254656772603,0.5488188829060757,0.15757210244039033,0.7255753475726743,1.0
715,0.7596290447035747,0.836080479855714,0.09707713184138542,0.7234585413313693,0.0
831,0.4794106829933151,0.5145950375495328,0.22486195532771883,0.7366276585104158,1.0
355,0.49221455408202275,0.8159492903568608,0.3089107631335215,0.423988652172727,0.0
1325,0.10940440906042448,0.7520720531942361,0.2663872315678377,0.17495476326868342,1.0
727,0.3168840908927014,0.894696666379791,0.17037930514571265,0.27983123744055577,0.0
834,0.38334451102986256,0.2899714496327368,0.45352919637280037,0.8041172245105795,1.0
1326,0.4144978329691568,0.6154082178658694,0.1914941736489543,0.5924784273075279,1.0
316,0.9214316105257845,0.7129696497996236,0.13036810476662292,0.7841290451639888,0.0
149,0.705363130908855,0.7923344321919423,0.2308046610808366,0.5472053247497204,0.0
1077,0.39244531942972116,0.15679502482721974,0.6328429577616475,0.7847169862789493,1.0
311,0.8705478513582705,0.3293844271404357,0.37859866026234734,0.7556752775580349,0.0
667,0.5043731475672285,0.4943860922667046,0.5603463501841601,0.8184620420633405,0.0
157,0.7925347410019544,0.3742156132716177,0.35191160316195325,0.7790731698446038,0.0
688,0.6968680815467049,0.732094279823534,0.2305462769509122,0.6339780135846587,0.0
1096,0.19293425351015736,0.7424704486860471,0.2523609106769768,0.2801858570428362,1.0
753,0.7352905119385011,0.32187452057459953,0.5119951752213152,0.829514353001082,0.0
675,0.4958051186638687,0.736041938730837,0.24918646477265388,0.7135819307673423,0.0
1019,0.4489035040275765,0.6418893383274649,0.06968789712882592,0.4630240868545241,1.0
719,0.6358234356633423,0.4865656115877821,0.4683266202856097,0.8958327650326887,0.0
31,0.6151699370443287,0.6511017897300999,0.3702199151355893,0.8217545486783601,0.0
1197,0.4486633638376278,0.5397594734459134,0.2066646563422147,0.7293379524809733,1.0
848,0.2979973894670042,0.13851979629331673,0.5902470545156914,0.5958882311756095,1.0
1087,0.5451903453547657,0.525047989313257,0.1914941736489543,0.8646698855215181,1.0
1231,0.4516957647347281,0.6426639026817887,0.07754970168221081,0.45384944124680615,1.0
676,0.5294413315160563,0.7822688374425157,0.21415770995326,0.6697218509324677,0.0
665,0.6403305713605781,0.744715562756551,0.26391410170805785,0.8275157532938705,0.0
896,0.508127591603026,0.5389078268418355,0.20009434165464063,0.8462105713012721,1.0
23,0.5753225306304943,0.8478523612987237,0.15521140715531911,0.626340052920156,0.0
529,0.40770467804628296,0.9831990630390612,0.25749154586770634,0.0908826390972658,0.0
776,0.08211640669507964,0.7611310884687199,0.25686389385486896,0.1698991607336079,1.0
593,0.3065357073318479,0.5817277649515242,0.5195985094880134,0.7409776589650563,0.0
918,0.6803106678493391,0.6858673811118553,0.012807202705322346,0.5136983187393728,1.0
438,0.8000706718877327,0.7279146257956123,0.14288237448036706,0.7796611109595643,0.0
1201,0.44485068760862206,0.5141304486112098,0.21902987485730288,0.8279858515871501,1.0
456,0.6521140269274316,0.5851328546251221,0.3418355698192862,0.82034334451749,0.0
1215,0.456277899169966,0.34905162639805126,0.3235272578456502,0.8225774480118571,1.0
897,0.48714132214121403,0.6343008527691611,0.07363818467701985,0.4872473335333752,1.0
1021,0.415586756953609,0.5953556073594839,0.2072182135395352,0.6502086799967266,1.0
1117,0.364465021021281,0.5527676643704139,0.21541258319512355,0.7135819307673423,1.0
1165,0.23341914919700874,0.6061957664632344,0.2570487001098499,0.6784236704038117,1.0
925,0.6334941479350108,0.6531934876724528,0.05484739483490211,0.6208116242487065,1.0
1280,0.26587052621710694,0.5286873192215441,0.3417580287332802,0.7428589614192058,1.0
1367,0.5371236541692809,0.5658548084730605,0.1652486699549831,0.7263982469061713,1.0
945,0.38021475600170196,0.6438238782848825,0.1754022443836561,0.56096274675614,1.0
92,0.8183876713612993,0.8224563793045385,0.10785534279621774,0.6469170826627386,0.0
915,0.38170751934462643,0.27843530516713,0.49043875331165054,0.7902434145321294,1.0
812,0.35885453850536175,0.5547040752562237,0.2077722015206669,0.6774871109413787,1.0
740,0.3313501936265496,0.987767870172537,0.2594106877463545,0.08065322749302128,0.0
6,0.7668116161506899,0.6281080797913541,0.2591156008357206,0.828574156414523,0.0
179,0.6803683591862638,0.8819968044543063,0.0969263575074849,0.5206361330096293,0.0
1083,0.45744254303413173,0.3890034312826711,0.40524694681973855,0.9140547569037163,1.0
796,0.6261601367284686,0.6744098156387163,0.016533482671721195,0.5352119079443883,1.0
167,0.5816440588740094,0.7735952134168017,0.14129278221724428,0.5306291315456868,0.0
217,0.6034874413170933,0.5540080898943675,0.4713938010209577,0.7396846613382798,0.0
402,0.6495179167658237,0.7749909259972985,0.252582333555905,0.8376269583640216,0.0
71,0.806193165018858,0.5337975730316898,0.2748013009671097,0.9434518126517363,0.0
1364,0.3030958613677174,0.2672845719502932,0.6793891485557974,0.7389790592578448,1.0
125,0.7237450331364618,0.7848245256261062,0.1753634738406531,0.8064686252580086,0.0
329,0.6303427586555035,0.6242352580197346,0.35283348051780217,0.7873037089573275,0.0
216,0.603271098803626,0.6387162437744858,0.23789174402825944,0.7663747874555589,0.0
1041,0.5275447288146594,0.6978712576754837,0.015796842354664303,0.24808823663129564,1.0
1073,0.38477958303586246,0.6391802340157233,0.1293729941628794,0.5774298262363948,1.0
1238,0.4289350900345428,0.6017017964654421,0.11899971999052279,0.6458532238558972,1.0
253,0.88908840476242,0.6372419522015215,0.16860878368190926,0.8833665220909827,0.0
226,0.5489835507575594,0.5144416962585174,0.2812242875912724,0.7261609245569528,0.0
664,0.8942662022514045,0.6559025919841944,0.15299717836603705,0.8753739418241996,0.0
1013,0.4711896674815569,0.6226861293110868,0.14971029788700543,0.5716649844967584,1.0
376,0.7407856117805711,0.8086713789116435,0.07544316884571478,0.6667848732007602,0.0
735,0.76281649106866,0.766395880964052,0.19245395998018397,0.8208134428107695,0.0
780,0.249659260541289,0.0315139178363088,0.795399228896978,0.543795520881639,1.0
158,0.6710584196900534,0.34750249768940344,0.38520257608719066,0.7215772388772198,0.0
822,0.28622114531726633,0.49547010817707965,0.3305748809959722,0.8478563699682661,1.0
439,0.8488270630061514,0.594191889899606,0.21552329463458766,0.9193467725069787,0.0
596,0.5550678233779721,0.7092539860129393,0.27369418657246863,0.7389790592578448,0.0
400,0.6019369866372442,0.5095619408262768,0.507342710060956,0.7087609227383908,0.0
88,0.8049239556065164,0.41076232848263966,0.31691903418269546,0.8385680642316121,0.0
242,0.6261457138942375,0.6481606902977396,0.2878712817972301,0.7441519590459823,0.0
1341,0.34467689245613664,0.5116527033044338,0.34888319296960824,0.8215190448912045,1.0
877,0.13849526570466364,0.3166097280792675,0.6750683869300192,0.6807787082753667,1.0
890,0.387858858144214,0.6384056696613994,0.1299243974411442,0.5751929948989334,1.0
475,0.7834050869336334,0.5240414298383144,0.3144463351067267,0.9642561626521909,0.0
1371,0.3245281930352134,0.4907467623584175,0.343347620996403,0.8859488802204097,1.0
83,0.6424290937412112,0.8063476858486718,0.217442867297047,0.5078152704656429,0.0
453,0.7657226921662377,0.8811474029642989,0.05628621276412435,0.46231484764996317,0.0
1164,0.0508909705846296,0.8627935954379282,0.22833157429943784,0.1603789883339244,1.0
404,0.5352241669010378,0.5419293761950555,0.2603355805888815,0.7368631622975713,0.0
1,0.8356590153531072,0.8209820877315742,0.12180412260107266,0.6443256317229966,0.0
45,0.4510885634135965,0.8733269222853765,0.06459172464298793,0.09500168216990823,0.0
72,0.8480770756261313,0.8901278592463152,0.057617334740560466,0.4264528037680606,0.0
450,0.774095147437423,0.3672482759394867,0.4148448101320352,0.9001791283632032,0.0
294,0.6886110089493688,0.5587303131559943,0.3967949684450859,0.7887149131181974,0.0
534,0.8559880002019198,0.8057302794792832,0.12221336722165983,0.6661938405302927,0.0
1168,0.5612480078460219,0.5801000572504088,0.09002520085295196,0.7640233867081299,1.0
653,0.7499729571858167,0.3542378399009157,0.4872251060805135,0.7938878129063349,0.0
1114,0.4317186970411556,0.5451020965623562,0.1546212333340513,0.7347463560562664,1.0
375,0.550264298437286,0.9184686825296449,0.16790660606974392,0.38377115214999497,0.0
181,0.4993379919087901,0.45628949997567797,0.5736360307579641,0.7747228056775508,0.0
1091,0.3845127606025861,0.1864492398417943,0.5712021022249985,0.7359220564299809,1.0
449,0.7920659988894418,0.3922551048281178,0.3641630947508993,0.8760740882184457,0.0
383,0.782712790890538,0.8950072404928774,0.05340857690567993,0.3623757694790729,0.0
978,0.562566976036461,0.5262869180944969,0.15661145454153835,0.8535002773307147,1.0
99,0.31010535880405865,0.9420835406945635,0.33710987141103244,0.26995644543859176,0.0
911,0.6542990863134516,0.5846688643838845,0.0979602386542314,0.7775446684306718,1.0
239,0.6805630674483844,0.8711566453505559,0.09080061171301185,0.5037053202033153,0.0
441,0.5704418435266715,0.8986443252870939,0.16347814849117973,0.4128135882957345,0.0
269,0.8636609480128941,0.6055746182370616,0.2201374200357551,0.9249843149022068,0.0
791,0.18491515767763528,0.7911744565888486,0.2142684213927241,0.16119734126226393,1.0
131,0.8777953255594257,0.8397998854991824,0.10316410709285546,0.6400974749265755,0.0
1054,0.4858894201299498,0.6146336535115455,0.10814827578779593,0.7175800394627968,1.0
254,0.7970274538649591,0.9141318705167878,0.04942382665259443,0.31675714012929973,0.0
802,0.551139764475117,0.5876885428087125,0.08604045059986648,0.7477972667012194,1.0
786,0.35666947911934177,0.24947707551441178,0.5128438193292697,0.7466215663275049,1.0
991,0.29233642703127594,0.5270611082631423,0.24711956404678315,0.7835411949771316,1.0
1046,0.5720110478910212,0.6000778306211109,0.09397548840114592,0.766492084708621,1.0
785,0.38767857271632455,0.50414223546008,0.2890516294397657,0.7795435409221928,1.0
856,0.5253308237601771,0.5368172514565178,0.1441359553707972,0.817286341689626,1.0
359,0.3402274480958254,0.9463417737149529,0.30625282701876066,0.2885330569118998,0.0
1181,0.24898138733242475,0.2694548488851138,0.6811208994765977,0.7623766787601044,1.0
266,0.5066739501979535,0.8801408434893563,0.2343481163977858,0.6305682097165771,0.0
629,0.7787681457283171,0.3124263321945616,0.3925129773623107,0.6633750693326786,0.0
674,0.6070210357037262,0.847620366178105,0.14528184030844124,0.7283968466133828,0.0
855,0.37239036843130047,0.2689122796514086,0.43658646908049203,0.7753106558644081,1.0
739,0.6391983788734326,0.2730919336793304,0.5745579081138131,0.7392136537639689,0.0
530,0.9205229719692218,0.7335648295397142,0.12391065543756868,0.7549696754775999,0.0
1080,0.48831534084763006,0.6376311053070755,0.07452129148986583,0.49641288633077824,1.0
862,0.4182405584521415,0.45110328647281356,0.2050776487819588,0.7581439755585259,1.0
429,0.6917479753946449,0.3300804125022919,0.5022508454132294,0.7394491575511243,0.0
166,0.588357888208612,0.8390253211448585,0.18625282701876067,0.6125826309137365,0.0
869,0.2689570127425741,0.5191635453344658,0.25154888319296964,0.7503841712358038,1.0
507,0.8396613518522527,0.7259015068457271,0.13623968811252074,0.7948289187739255,0.0
1362,0.3515782186357442,0.5749886808832279,0.22966041312167493,0.624694254253162,1.0
1291,0.5456042806971999,0.6517229379562727,0.0521894587201413,0.59624285077789,1.0
374,0.3992673200210574,0.5180019233143871,0.523583259741099,0.7312183456540913,0.0
626,0.6404098969488495,0.7422384535654283,0.251290412906283,0.8238704456386335,0.0
696,0.6264630162473228,0.8095245222584351,0.1899808301204041,0.45384944124680615,0.0
1340,0.20871283415904063,0.7818834261937458,0.2241237211105607,0.19376778781017845,1.0
320,0.5452985166114994,0.3932616643030605,0.3608072888620846,0.6877165225456232,0.0
1071,0.32485991822252996,0.2549738631303626,0.6070390074740992,0.9162915882411777,1.0
778,0.45197484657710096,0.44514250861562527,0.331203825360243,0.8801931312910881,1.0
875,0.37349371524998387,0.4836233895983865,0.3370366381631379,0.7861279176555098,1.0
251,0.5492727285838941,0.8936901069048484,0.15484093307773497,0.37789719668657995,0.0
25,0.5587261752807045,0.3096386488903524,0.5868524780838736,0.5161715631450212,0.0
324,0.7620881379399866,0.5633739574251535,0.3107545178452194,0.9408603617119944,0.0
836,0.44324326273355985,0.6277189266858001,0.07234583324358673,0.4639606463169572,1.0
108,0.7318218203059085,0.8723951999461173,0.044478428500656975,0.4132864144321085,0.0
1209,0.45802017754508945,0.4966315805228871,0.21245956016972886,0.820460641770552,1.0
33,0.43823709697192603,0.8675195605563393,0.30226376892756374,0.33509733853442086,0.0
691,0.5489835507575594,0.5144416962585174,0.2812242875912724,0.7261609245569528,0.0
1020,0.15886030763905418,0.7651573263684905,0.21725806104206608,0.17919201287541942,1.0
531,0.7500162256885101,0.9029025583074833,0.06702996101406511,0.44091946497904105,0.0
14,0.753311843310329,0.8418878415847513,0.09884765330518883,0.7252225465324568,0.0
1124,0.3809935890501843,0.27355592392056793,0.5929049906304521,0.8063513280049465,1.0
476,0.5352241669010378,0.5419293761950555,0.2603355805888815,0.7368631622975713,0.0
141,0.6327153148865284,0.5023611116308134,0.40823658646908056,0.6871273084372187,0.0
123,0.3991230916787458,0.5873031315599427,0.5355805888814699,0.8583212853596661,0.0
900,0.46040787775205716,0.41053033336202094,0.38760204191526487,0.8679623921365377,1.0
782,0.48273226171675004,0.5008901877289549,0.20710750210007112,0.83421715449594,1.0
358,0.7019449191960714,0.9200926483739762,0.0855579727313848,0.38729916255217,0.0
571,0.6702146838875308,0.32295591718522565,0.41259181079975016,0.6637296889349591,0.0
1343,0.438661128298322,0.2641863145329976,0.4424925151312814,0.8071742273384435,1.0
112,0.7411317598021188,0.8763466007102044,0.08954703082258172,0.5413313692863053,0.0
19,0.8858793241459881,0.9279917080453663,0.04019643741788187,0.40434818189257754,0.0
271,0.8966387584824295,0.8893532948919913,0.06366984728713895,0.4713712867235877,0.0
1061,0.3409125327218052,0.6525760813030642,0.1976953066103776,0.6638478954690527,1.0
1310,0.2665556108430868,0.4964766676520223,0.3411333922071209,0.8261045491330006,1.0
584,0.5320403262445104,0.7711966832181465,0.25775001615439297,0.7266328414122953,0.0
870,0.3677678500602154,0.5294615093901897,0.17215413444762748,0.7022941160424453,1.0
117,0.6598518774924461,0.7696475545094987,0.2203588429146833,0.821871845931422,0.0
395,0.5988144430261991,0.6811451578502284,0.17027160919292655,0.6179928530510925,0.0
325,0.8290966257779318,0.6088262917825084,0.2721433648523489,0.8653754876019532,0.0
1161,0.5586684839437799,0.5217959415821319,0.15078294957675492,0.8101139329132455,1.0
1264,0.028203852339023172,0.7695689755170311,0.2572701229887781,0.08724551497131217,1.0
713,0.8032292725843556,0.8966312063372086,0.05831951235272581,0.396946634296262,0.0
602,0.7085361544397091,0.9262105842160997,0.07448682878497428,0.3768333378797385,0.0
913,0.20316004298004608,0.7499803552518831,0.23453249186895558,0.27301162970439274,1.0
1370,0.2508419329482437,0.2017010480940853,0.7615870075602559,0.6606745046691581,1.0
1055,0.46438353200787497,0.57986806212979,0.1350938031748767,0.7072324213244587,1.0
3,0.7571050487131227,0.871699214584261,0.054920628082796685,0.45043963737872467,0.0
1079,0.516579769090424,0.5237316040965848,0.20732892497899932,0.8654936941360466,1.0
1072,0.40932724689728783,0.5222606801947263,0.26671936588623,0.9209925711739728,1.0
851,0.5516308619806879,0.663337661414347,0.022146595730932445,0.36943179028342293,1.0
1322,0.43765008761871804,0.27526221061415096,0.469067568440778,0.8711366922174637,1.0
43,0.5773828325004148,0.7338754036528006,0.32780924892842533,0.7833060549023887,0.0
654,0.7611506537149617,0.6241566790272669,0.2732892497899929,0.814346636114824,0.0
310,0.7978423439990193,0.4143245761411728,0.3352273461563315,0.810584031206525,0.0
663,0.7804123488306688,0.39148054047379394,0.3418355698192862,0.7833060549023887,0.0
619,0.5489063885944228,0.8008508982327212,0.2955823120167144,0.48418305645725923,0.0
955,0.3485854805327796,0.17460252126310122,0.6153832898959658,0.7514425743564563,1.0
353,0.5719245108856342,0.7153681799982787,0.3158119197880544,0.7596724769724579,0.0
935,0.3747989817479034,0.5622925608145274,0.23944170418075691,0.6797239422788401,1.0
1017,0.44034571533652084,0.3245050458938735,0.42315032201089886,0.9033525191630978,1.0
660,0.8161665548897015,0.41610569997043934,0.3197966700411399,0.8631413841075861,0.0
62,0.8149406139800534,0.9380573027947929,0.0513408146121869,0.38212535348300103,0.0
60,0.7161009309939497,0.5320942798235341,0.42547655459107847,0.7550869727306618,0.0
1329,0.2938580360426628,0.018192907684651316,0.8080987356495143,0.5383943915545978,1.0
1169,0.5787205503753543,0.6434384670361126,0.056729920089603064,0.6216390699873611,1.0
1131,0.21783527681024606,0.03638955722608678,0.900596635578435,0.6903016085181447,1.0
9,0.6185737259228812,0.8587673575381576,0.12985116419324966,0.7104076306864162,0.0
302,0.6293403716764382,0.8427409849315428,0.17326124884226854,0.6512634459932531,0.0
1330,0.42847355933914577,0.24405512503414445,0.48678570659314624,0.8108195349936805,1.0
1230,0.5526325278180416,0.6529614925518341,0.05208176276735524,0.588950416905353,1.0
57,0.9266021965976536,0.7028254760577294,0.13128998212247187,0.817169044436564,0.0
182,0.45766393353957996,0.8377867665492971,0.3070627005837121,0.3836529456159015,0.0
411,0.7966308259236023,0.53255864425045,0.28639369332500486,0.9244023750420542,0.0
1255,0.32694401776893184,0.5068520881431784,0.2918172615073126,0.8870127390272512,1.0
714,0.6921518147531172,0.641114773973141,0.31525620867167814,0.8016485265100884,0.0
1127,0.337436629672097,0.5114205210909758,0.31101298813190603,0.8805477508933686,1.0
378,0.7135264550836886,0.852496005567883,0.06569883903762899,0.4738354383189212,0.0
846,0.35347482133714103,0.5090975763993609,0.2846231718612015,0.7582621820926194,1.0
288,0.5396555827185601,0.6257058077359148,0.4139229327761863,0.8423306691399111,0.0
1110,0.22693608521010467,0.6581477060546985,0.21423137398496567,0.4299808141702356,1.0
95,0.4613417562685244,0.3430122695483953,0.587291877571241,0.5308655446138738,0.0
498,0.5489835507575594,0.5144416962585174,0.2812242875912724,0.7261609245569528,0.0
909,0.38291903742004346,0.1680205951797401,0.560238654231374,0.6211662438509871,1.0
1088,0.5542594235193159,0.6562131660972808,0.03499256897925779,0.40916737135946607,1.0
304,0.6789549214316106,0.9072393703203403,0.09810670515002048,0.4861834747265337,0.0
307,0.6234486438930115,0.336273185480099,0.5947142826372586,0.58447675423043,0.0
110,0.7957293987841552,0.3481984830512597,0.3884162233183277,0.767314984042118,0.0
614,0.6887624487087959,0.7713500993462976,0.22644913520149915,0.818109241023123,0.0
930,0.3476407848906389,0.5064648059660165,0.25184397010360354,0.7823654036753139,1.0
546,0.612451232791756,0.8442901136401906,0.13154845240915847,0.7179328405030143,0.0
508,0.8728555048352553,0.5019742036393299,0.24697180519956063,0.8680796893895997,0.0
1335,0.39475297290670597,0.24428712015476323,0.5100394167187198,0.7656691853751239,1.0
1214,0.2939301502138185,0.1289967707775953,0.6061171301182502,0.5850677869008974,1.0
77,0.5113814190626601,0.7452581319902563,0.30451676825984886,0.7117006283131928,0.0
541,0.7722562360729508,0.6763443555961339,0.25180735347965627,0.8079971266719405,0.0
138,0.8858432670604102,0.9097164795114632,0.050345704008443376,0.38812660829082446,0.0
599,0.7911862060013415,0.4062721003416315,0.3230447799771685,0.805292924884294,0.0
718,0.8030129300708884,0.7179238681818692,0.14923212785663517,0.7987088209352865,0.0
1036,0.3354967584680066,0.4860234165397554,0.357559178926056,0.8465633723414896,1.0
478,0.3796089969639934,0.5473475848185386,0.5348784112693046,0.7797786809969357,0.0
276,0.8000418262192704,0.5091750328347933,0.24726689211019454,0.8238704456386335,0.0
403,0.7304083825512553,0.4186613881540298,0.32382019083722835,0.8054111314183875,0.0
1360,0.4899905530435787,0.5878419589368636,0.12132595257070242,0.7040581212435327,1.0
520,0.7378505650145311,0.7306237301073539,0.21973119090184595,0.7499140729425243,0.0
350,0.41749057107212145,0.8971737755709138,0.32157149934305473,0.2677287069114451,0.0
61,0.54365070780059,0.7221821012022586,0.3043315312210567,0.7343935550160489,0.0
318,0.621768383705082,0.33921802676924345,0.5688370991018158,0.6364512579903071,0.0
827,0.2332749208546972,0.21238779106968464,0.6661339306868848,0.8364512579903071,1.0
1312,0.5481751508989032,0.5037549532829181,0.23560298963964937,0.8178737372359676,1.0
257,0.666731569420707,0.7396827653818377,0.2505520494539816,0.8545586804513671,0.0
768,0.3810440689699933,0.6178853270569923,0.11862924591293861,0.5741382289024068,1.0
425,0.6334580908494329,0.33542378399009154,0.5815710685592436,0.5894232430417269,0.0
142,0.8088109094318126,0.6401082144981983,0.16635578434962417,0.8322185547887285,0.0
833,0.303990077090049,0.17707963045422404,0.6184117000883107,0.6879502077707157,1.0
275,0.7552733487657661,0.7497483601312643,0.14365778534042695,0.7443874628331378,0.0
1007,0.4953623376529723,0.471155896979199,0.2872423374329593,0.843976467806905,1.0
1086,0.46263115764878965,0.2795952807702238,0.43381652917483365,0.8778380934195331,1.0
1269,0.3546574937440957,0.2572975561933343,0.4689211019449889,0.7343935550160489,1.0
454,0.6233621068876246,0.7445621466283999,0.2505154328300343,0.8208134428107695,0.0
1241,0.3433355688726392,0.48331356385665697,0.3448252094686282,0.7813071824108677,1.0
458,0.824041422379912,0.4003861596201267,0.35877398927348314,0.8931231075588533,0.0
1200,0.375556180545039,0.26875512166647336,0.4708036271996899,0.8272802495067151,1.0
1193,0.2368806294124859,0.20510987962446725,0.671561806707304,0.8118779381143331,1.0
410,0.6478088109094319,0.5327135571213147,0.4279104831240442,0.8761922947525392,0.0
1069,0.4036013817075194,0.1996130920085165,0.6088870700239085,0.8653754876019532,1.0
1185,0.3447345837930612,0.3379008931812144,0.5012169642664829,0.7874210062103895,1.0
1282,0.36372945647549204,0.26813771529708474,0.435587050638637,0.7390963565109069,1.0
1018,0.47840973829767297,0.5356557791107104,0.20500355396644196,0.8371568600707421,1.0
1361,0.3943851906338115,0.5551680654974611,0.19703103797359298,0.7010011184156687,1.0
1202,0.45710576985483425,0.6260163818490011,0.07286277381695999,0.49123907726160926,1.0
427,0.4140867821935689,0.8995760476263531,0.10050617097809464,0.24408740009274665,0.0
716,0.5452985166114994,0.3932616643030605,0.3608072888620846,0.6877165225456232,0.0
165,0.8101882901008879,0.39310824817490936,0.3390268593706249,0.7970630222682925,0.0
940,0.5214417065097463,0.5416180537106123,0.20566825338703776,0.7777798266910354,1.0
313,0.6612508924128682,0.7097179762541769,0.15030047170827324,0.6703128836029352,0.0
65,0.6907672226669264,0.6126205345616602,0.317914144786439,0.7955345208543605,0.0
1216,0.551139764475117,0.5527676643704139,0.13240140435522435,0.7861279176555098,1.0
818,0.5254267356078144,0.5704984527422198,0.16657979193141925,0.7240468461587423,1.0
486,0.7878689541281758,0.7549345736341287,0.12295000753871672,0.6878320012366222,0.0
1153,0.3087207667178678,0.12210427058114781,0.6164516337476038,0.599534448111878,1.0
733,0.7836286408642164,0.39906902603209765,0.3334180541495251,0.8245760477190686,0.0
867,0.03848733314583652,0.8435155492858666,0.2377069377732785,0.419287669239932,1.0
1049,0.22230635542190402,0.6661253447185562,0.21227518469855905,0.42304299989997907,1.0
347,0.7479681832276861,0.5495156166392887,0.2958063195985095,0.8130536384880476,0.0
240,0.7436773900439176,0.7747589308766796,0.18267387511577318,0.7985915236822245,0.0
212,0.6963416480972677,0.8150213098743859,0.0672151980528572,0.6584376733316967,0.0
63,0.6372008163324175,0.4735581690346384,0.29428996058328133,0.7535584713167298,0.0
1189,0.32797525041645936,0.6480072741695885,0.16860878368190926,0.5182810951380743,1.0
876,0.2488299475729976,0.2823081269387495,0.6687918668016456,0.6723133018722096,1.0
337,0.581326756520924,0.6025549398122336,0.44023951579899634,0.8526773779972177,0.0
34,0.39128428127411324,0.545644291610383,0.5793568397699616,0.832571355828946,0.0
321,0.7771960567971212,0.8742549027678514,0.05957309324315593,0.4727806723223947,0.0
961,0.42231500912244274,0.4685253716599251,0.32522454606155904,0.8475035689280486,1.0
1296,0.24870735348203277,0.523963973402882,0.25841428479117756,0.7469743673677224,1.0
1219,0.24968089479263572,0.53255864425045,0.3287655889891658,0.7356865526428253,1.0
1052,0.33333333333333337,0.5062328108453977,0.25793439162556275,0.8152877419824145,1.0
472,0.7846382392603972,0.746807260698904,0.13966872724923002,0.7742524345999618,0.0
245,0.8116810534438124,0.4103731753770856,0.31437310185883216,0.8385680642316121,0.0
1302,0.3223287108149623,0.4795967775129375,0.3443427316001465,0.7621420842539803,1.0
754,0.6806856615393492,0.5241963427091791,0.436547698537489,0.9079352955617993,0.0
203,0.8089623491912397,0.8993403106489501,0.06164085553664894,0.38577157041926946,0.0
116,0.78885691827301,0.7928770014256474,0.14912012406573763,0.790007910744974,0.0
1130,0.3425639472412725,0.24382312991352567,0.5706076205656192,0.8610254871473126,1.0
1178,0.3581694538793819,0.5631419623045347,0.20005772503069336,0.6623203033361521,1.0
1078,0.4811435865261883,0.30754695094799944,0.43341159239235794,0.9179373869081717,1.0
1245,0.42630292278735704,0.5844368692632659,0.16923772804618006,0.6517362721296271,1.0
105,0.7633934044379063,0.5617499915808223,0.3137441574945614,0.9731943951917219,0.0
887,0.27207955635361913,0.03863467129659082,0.8978999289206712,0.7643761877483474,1.0
640,0.8082988988166065,0.4987221559082048,0.23781764921274262,0.8025887230966475,0.0
556,0.6208597451485192,0.812001631449558,0.22526796906972238,0.5800121843658219,0.0
196,0.8067772898052198,0.7869162235684592,0.14520860706054667,0.6990025187084572,0.0
1058,0.3951856579336406,0.4325960628182917,0.411191763413531,0.8027060203497095,1.0
342,0.7986644455501952,0.5240414298383144,0.2660917138733927,0.8847759076897896,0.0
47,0.4510885634135965,0.8733269222853765,0.06459172464298793,0.09500168216990823,0.0
222,0.5870670445449236,0.5392951090189975,0.4857130549033968,0.7242814406648663,0.0
946,0.5077425235633055,0.5205570128008921,0.2192512977362311,0.778014984951399,1.0
214,0.810440689699933,0.5432438904833357,0.26358196738966555,0.8457404730079926,0.0
1099,0.45600819216984334,0.3015075940983435,0.39269821440110286,0.870318339289124,1.0
904,0.5440545471590623,0.5398369298813457,0.17691429556077284,0.813641034034389,1.0
1187,0.21780643114178372,0.20464588938322975,0.7685657053007948,0.6399792683924821,1.0
779,0.37668116161506904,0.17723304658237515,0.6161199302130226,0.7661392836684034,1.0
319,0.7205647981884922,0.5995352613874056,0.28569151571283957,0.7738997244878475,0.0
1144,0.40691142216356946,0.4436682170426609,0.3360759902642859,0.831748456495449,1.0
1318,0.472296620008798,0.6298892036206206,0.1486419540353674,0.5195813670131028,1.0
194,0.3390159300204084,0.9785516769131177,0.25804510306502687,0.08770924829737126,0.0
42,0.5073382010398865,0.8631041695510147,0.2099498136860017,0.5987070023732235,0.0
455,0.7002502361739107,0.8976377658121514,0.07946668964180328,0.41293179482982806,0.0
471,0.5363628496635875,0.7730563860398807,0.2733280203329959,0.7158160342617093,0.0
1025,0.428350965248181,0.2968639498291843,0.42433066965343447,0.8397437646053266,1.0
7,0.6587124735881849,0.26054922973878103,0.5923148168091843,0.7225183447448102,0.0
118,0.7167427471172361,0.541850048831231,0.32636612316109165,0.9469707302435963,0.0
1132,0.26348354715185085,0.20797614192114416,0.6727809248928426,0.8665511879756677,1.0
971,0.508060208121498,0.3654671521102202,0.3050681715381136,0.8606726861070951,1.0
775,0.4815092053739481,0.6236141097935618,0.07064854502767787,0.49900433727052024,1.0
261,0.7354058946123504,0.6235392726578783,0.2534314084476706,0.8498549696754776,0.0
1040,0.6367392856370206,0.694230431024483,0.006457449329054232,0.4830100839266392,1.0
121,0.8014336297225768,0.9046088450010665,0.04798500872337219,0.34461751093410437,0.0
148,0.7694437833978756,0.5521483870726333,0.2573808344282422,0.834922756576375,0.0
962,0.3774816289148981,0.18559609649500275,0.6028690201822217,0.7575565800121844,1.0
1151,0.3409485898073831,0.48974020288347486,0.3131539836732936,0.7365094519763223,1.0
144,0.7853377467206082,0.8953140727491796,0.061602084993645945,0.39330041735999344,0.0
852,0.15547815301184842,0.7793277380101554,0.22028474809916646,0.1445029415241369,1.0
1196,0.3625323612343062,0.6533469038006039,0.14420918861869175,0.42339761950225957,1.0
1089,0.2927835348924418,0.6724752756812986,0.20230900122773388,0.41681442483428355,1.0
434,0.9136360686238454,0.8927621264223733,0.04277683244663669,0.43045364030660954,0.0
183,0.7200023076534771,0.7926450063050288,0.1856251750059233,0.6968857124671523,0.0
80,0.7099928606970557,0.8553622678645598,0.08268033687294032,0.6843067186775417,0.0
1260,0.29149269122875343,0.17274281844136702,0.6402610549895535,0.7108777289796957,1.0
501,0.6015764157814654,0.6117673912148687,0.31433433131582916,0.7600252780126754,0.0
679,0.5639436355638248,0.7639187717729292,0.17849957998578414,0.6811333278776471,0.0
334,0.7912006288355726,0.568174759679248,0.30558511211148687,0.8589086809060076,0.0
238,0.7962486208164767,0.5492061650832376,0.2780881814461413,0.9308673631759368,0.0
1123,0.5270442564668384,0.5427795260564198,0.19847028668662633,0.7804841012211644,1.0
1328,0.40710613042569,0.1535396094249889,0.6354621233334051,0.7455631632068523,1.0
46,0.6581427716360543,0.7632976235467563,0.2485588127598165,0.576011347827273,0.0
757,0.6997021684731268,0.6339154415203913,0.31223210631744464,0.7942406139465524,0.0
392,0.5703841521897469,0.7235778137827553,0.29993753634738407,0.7620238777198869,0.0
86,0.426252442867548,0.5866034043413022,0.5522648458870916,0.8702001327550306,0.0
285,0.6358162242462267,0.2746410623879782,0.5788054364916967,0.6955927148403758,0.0
176,0.5215953096943081,0.8569899755656751,0.06724966075774874,0.24785182356310864,0.0
297,0.5994634705666011,0.8160278693493286,0.2192512977362311,0.5782481791647345,0.0
422,0.8566370277423218,0.8900492802538476,0.04145001830831199,0.38377115214999497,0.0
487,0.758619446307394,0.8450646779945145,0.09035690438753313,0.6933586113460087,0.0
426,0.39806301336275596,0.9210206288564511,0.34759084153617514,0.404702801494858,0.0
1270,0.4542370681262576,0.503058219549705,0.2092855450492171,0.798473317148131,1.0
932,0.5269577194614514,0.6054212021089105,0.10530510263424302,0.7227529392509343,1.0
1014,0.5181684442809857,0.4746395656452645,0.2709630172098133,0.8216363421442665,1.0
1226,0.21448196785150253,0.6087477127900407,0.2619945290455985,0.6768960782709113,1.0
960,0.3455711081784682,0.6393336501438744,0.1896486958020118,0.5138165252734663,1.0
349,0.1987610785395439,0.8343030978832316,0.36294828440347215,0.6939460068923502,0.0
1317,0.4164881840930562,0.6208264264893526,0.12320847782540334,0.6057630231775735,1.0
1062,0.49938630840346443,0.5379787238023253,0.21109397548840117,0.7719009429244297,1.0
496,0.7512638008495051,0.36213689957230577,0.4158399207357788,0.8745464960855451,0.0
942,0.2641397861093684,0.0,1.0,0.5924784273075279,1.0
135,0.8078662137896719,0.935191040498116,0.0720485924138971,0.40611218709366503,0.0
976,0.3420663594602976,0.31978282263224656,0.4702479160833136,0.8606726861070951,1.0
1098,0.3776979714283655,0.2603958136106299,0.5164236327998795,0.8834847286250762,1.0
967,0.23259704764583294,0.7077048573042916,0.19968854330454264,0.28347745437682426,1.0
1051,0.23562584283437543,0.6095222771443646,0.2636185840136128,0.7490902643279959,1.0
828,0.3209729643972338,0.5114205210909758,0.28284834255928665,0.8719641379561182,1.0
1171,0.22982065205633562,0.6471541308227969,0.21116807030391802,0.42621639069987366,1.0
127,0.7805565771729803,0.4074320759447253,0.32489284252697787,0.7629649835874774,0.0
201,0.7964793861641752,0.3808761183474464,0.38095935554741855,0.8016485265100884,0.0
464,0.9217921813815635,0.4987992381579588,0.24409287698968277,0.9024159597006647,0.0
666,0.5962616013672848,0.548896339341508,0.47571025480862433,0.7667275884957764,0.0
101,0.8366541909150569,0.4247755821393692,0.34149955844659363,0.9242841685079608,0.0
1170,0.4826745703798254,0.6348434220028663,0.08101751136192303,0.4878292733935278,1.0
878,0.2709113067808956,0.6664359188316427,0.20817799987076488,0.61152786491721,1.0
301,0.7221513099539192,0.7711966832181465,0.2160768518319082,0.8420951653527556,0.0
982,0.25413755057006254,0.6229967034241731,0.23438516380554422,0.6673759058712276,1.0
914,0.32505462648465056,0.48641069871691733,0.3724686066297629,0.7774270983933004,1.0
921,0.2999084150026322,0.5816491859590567,0.2574174510521895,0.7350991570964838,1.0
250,0.837332064123921,0.3486624732924972,0.3645723393714865,0.7776622475608537,0.0
1186,0.2017826623109708,0.026555957597278967,0.9648566566868417,0.5225183447448103,1.0
811,0.4455725504618913,0.5877671218011802,0.12549593986257998,0.6781872573356247,1.0
21,0.5315751898405556,0.3486624732924972,0.4246623731880156,0.6873619029433427,0.0
1272,0.20255428394233754,0.699341807391664,0.20651689749499216,0.29347045291288176,1.0
1342,0.38178684493289783,0.29748135619857285,0.48058241971266724,0.8874764723533103,1.0
730,0.7146009562339096,0.88958529001261,0.08965472677536782,0.49453067459559724,0.0
669,0.8224981791171785,0.5327135571213147,0.2892368664785578,0.9609645653182028,0.0
481,0.7116370637994073,0.8671304074507853,0.08541150623559568,0.6817152677377998,0.0
636,0.6630681695259937,0.28462807814493707,0.5759234927951408,0.7460332615001318,0.0
470,0.570759145879757,0.8631041695510147,0.19393025610097575,0.5774298262363948,0.0
850,0.5681406803250908,0.5567957731985766,0.12128718202769942,0.7715481418842122,1.0
1261,0.36998175511469766,0.28486007326555585,0.4692140349365671,0.8214017476381426,1.0
1122,0.3615516085065877,0.6593114235145764,0.20038985934908568,0.6704310901370286,1.0
215,0.9471475239599334,0.626401793097771,0.17056454218450473,0.9095810942287933,0.0
1120,0.27797128413704586,0.23190157419914914,0.7389622417989533,0.7246342417050838,1.0
687,0.46891807109015,0.789546748887733,0.2477838326835678,0.6450348709275576,0.0
1060,0.15861511945712453,0.3285312837936441,0.6759558015809767,0.7289851514407558,1.0
578,0.6646979497941141,0.4850943135002451,0.4475111465311134,0.7154632332214917,0.0
296,0.5115836271985809,0.7792491590176878,0.13922932776186273,0.49077534393555017,0.0
300,0.5315751898405556,0.3486624732924972,0.4246623731880156,0.6873619029433427,0.0
518,0.8136425588992493,0.42237705194071407,0.2969866672410451,0.8423306691399111,0.0
323,0.7879266454651004,0.8905918494875527,0.0584272083055119,0.40611218709366503,0.0
1105,0.38736127036323914,0.4371648699517675,0.29595278609429865,0.8419778680996935,1.0
886,0.38874586244943,0.19736797793801242,0.6202554548000087,0.8898315102248652,1.0
863,0.5224138055369262,0.5871459735750074,0.08629892088655311,0.7211071405839403,1.0
723,0.5618061715307676,0.7876122089303155,0.2772740000430784,0.7282795493603208,0.0
1228,0.4111012555077199,0.4436682170426609,0.22102311155146792,0.7663747874555589,1.0
928,0.06407344107190505,0.8120802104420255,0.25428005255562497,0.48042772579721216,1.0
264,0.6868946916758614,0.7629122122979866,0.19356107437482503,0.6946516089727852,0.0
682,0.7769725028665384,0.3700359592436959,0.3723609106769768,0.7767216236122099,0.0
1109,0.4783715177869604,0.6312811743443332,0.10017446744351349,0.5327477563490548,1.0
647,0.7803618689108598,0.6117673912148687,0.2841406939927198,0.828691453667585,0.0
979,0.6289798008206593,0.6727821079376008,0.03214939582570489,0.5596715676914263,1.0
845,0.22784472376666742,0.6986458220298076,0.18795054601848066,0.31534775453049274,1.0
150,0.8355724783477202,0.8232272018020782,0.12361341460787907,0.6329232475881321,0.0
864,0.5509760653065935,0.646379566468473,0.05628621276412435,0.6150467825090701,1.0
1218,0.11543315376904723,0.7861416592141353,0.23242854373532645,0.0894732534984588,1.0
650,0.5230397565425583,0.8684475410388143,0.22364387102332697,0.608236267583222,0.0
873,0.34793645299237763,0.570266457621601,0.19640338596075563,0.6706675032052156,1.0
1212,0.33072280033749435,0.5062328108453977,0.28820298533181127,0.7355692553897634,1.0
306,0.5276312658200464,0.8603164862468053,0.08614814655265257,0.3367431372014148,0.0
488,0.589432389358833,0.8117696363289392,0.2748013009671097,0.5186357147403549,0.0
170,0.5489835507575594,0.5144416962585174,0.2812242875912724,0.7261609245569528,0.0
548,0.6414843980990705,0.7453367109827239,0.2715531910310811,0.591769188102967,0.0
1321,0.36385205056645686,0.15988954038773123,0.6448015163590153,0.7655518881220619,1.0
547,0.7576891734994845,0.36879366279135034,0.39893596398647346,0.8101139329132455,0.0
980,0.5537394803452828,0.7100285503672633,0.003024102354233532,0.2206915991525501,1.0
843,0.4698706992911178,0.506077897974533,0.2080672884313008,0.8154050392354766,1.0
385,0.6788755958433392,0.7956646847298567,0.22840541064466802,0.6189294125135256,0.0
1292,0.45245584809871,0.6448304377598252,0.07950546018480628,0.4656064449839512,1.0
1265,0.324210890682128,0.6317451645855707,0.19186335537510504,0.5012320757976667,1.0
549,0.7623116918705696,0.5421598745729607,0.3117496284489629,0.9534448111877938,0.0
361,0.7519272512241382,0.6376311053070755,0.2669037413573998,0.8001200250961564,0.0
952,0.41519734042936784,0.6377845214352266,0.15159282314170636,0.48077325258917775,1.0
140,0.6586331479999136,0.5506770889850962,0.4237749585370582,0.8894768906225847,0.0
615,0.49296526260375434,0.8603950652392731,0.06813707540870614,0.1580239504623694,0.0
587,0.6107853954380577,0.8291131425235831,0.13727356925926726,0.598352382770943,0.0
352,0.5315751898405556,0.3486624732924972,0.4246623731880156,0.6873619029433427,0.0
437,0.5468850283769264,0.7410747361055503,0.30019600663407076,0.7353337516026078,0.0
1002,0.3844911263512394,0.3365837595931853,0.49527214767269045,0.813406439528265,1.0
756,0.7972077392928485,0.8950820776285608,0.058134275313933725,0.4069396328323195,0.0
365,0.7890732607864772,0.5802534733785599,0.2966894264113555,0.8652581903488912,0.0
440,0.7556122853701982,0.5401467556230753,0.3183578521119177,0.9493257681151513,0.0
1235,0.25284670690637423,0.5267512825214128,0.2560148189631034,0.7503841712358038,1.0
515,0.9317367255839446,0.7376696464319525,0.10475369935597822,0.7219300399174373,0.0
357,0.7389683346674456,0.8404958708610386,0.10264716651948222,0.7061749274848378,0.0
793,0.34298220943397595,0.3114983517120866,0.47773924655911437,0.8574983860261691,1.0
702,0.7784219977067695,0.3770032965758269,0.39978460809442784,0.8959418787564672,0.0
40,0.8086306240039232,0.8417344254566002,0.09751653132875268,0.7229884430380898,0.0
589,0.5753420014567063,0.8387147470317721,0.15727916944881215,0.6586740863998837,0.0
451,0.9175158110320261,0.8070474130673122,0.11205979279298686,0.6931231075588532,0.0
258,0.7778306615032922,0.5451020965623562,0.26900768949102893,0.8688998608800023,0.0
286,0.6046052109700079,0.34990102788805866,0.5762207336248304,0.6195204451839931,0.0
130,0.7436269101241086,0.35292070631288663,0.38660693131152135,0.7501486674486484,0.0
988,0.24233246075186238,0.63600339760596,0.19784306545760014,0.46807968938959965,1.0
124,0.44169352919542226,0.8891212997713726,0.27856635147651154,0.3020540658501323,0.0
1244,0.2251188080969792,0.6677493105628876,0.2175165313287527,0.584949580366804,1.0
954,0.4336152997425525,0.27634360722477713,0.4657462252568549,0.8499731762095711,1.0
625,0.8031283127447376,0.40433381852742967,0.3297650074310208,0.8458577702610546,0.0
343,0.5554435382096937,0.9040662757673613,0.16728196954358457,0.42127899469889163,0.0
1289,0.40619749186912724,0.4358477363637384,0.22323777112456117,0.7597906835065514,1.0
627,0.6531668938263059,0.5317069976463721,0.42529131755228644,0.7486201660347164,0.0
132,0.6530659339866878,0.7451795529977886,0.24405582958192434,0.8290442547078025,0.0
156,0.6825389957380525,0.34417224515148914,0.48390376289659043,0.796827518481137,0.0
794,0.3906929450706359,0.27797131492589255,0.42835419044952294,0.7927121125326204,1.0
583,0.6785871391587162,0.2594640912713707,0.590466754259375,0.7365094519763223,0.0
200,0.35713822123185435,0.9204818014795302,0.3293945333534366,0.46631568418851216,0.0
1115,0.48630335547238396,0.6080517274281845,0.10058371206410066,0.7171090318884857,1.0
544,0.8140175525892595,0.5602008628721744,0.25642104809701255,0.8633768878947417,0.0
133,0.5391255435605652,0.7226498333002803,0.31529497921468114,0.7405075606717768,0.0
56,0.6926998824539011,0.7689515691476425,0.2010170805781119,0.8123480364076126,0.0
13,0.3941255796176507,0.9210992078489189,0.33740280440261056,0.5102885148712912,0.0
632,0.774232164362619,0.3676336871882566,0.41133822990932006,0.8825390763523282,0.0
1097,0.3209224844774247,0.4758818620976101,0.39550261701165274,0.8479745765023596,1.0
299,0.6731785763220332,0.8535811440352932,0.08806944235035649,0.6591469125362576,0.0
249,0.5809229171624517,0.8317474096996411,0.15568957718568938,0.588004764632605,0.0
649,0.48015201667279644,0.4761886943539123,0.5745579081138131,0.8223419442247015,0.0
134,0.43282925527695454,0.8670555703151017,0.2647631765998234,0.2922974803822618,0.0
1295,0.15125226258212005,0.6388696599026369,0.27350894953367655,0.6459714303899906,1.0
927,0.24658719685005304,0.6648867901229949,0.21227518469855905,0.42222464697163953,1.0
220,0.3473018482862068,0.9845910337627737,0.35453076873371103,0.4566773052547351,0.0
800,0.3590564581845979,0.45869177203111733,0.28022917698752886,0.8177564399829055,1.0
820,0.21919823464509014,0.010297589870045365,0.9892217890451677,0.4753721232621366,1.0
1348,0.29303593449148696,0.6030975090459388,0.2504047213905702,0.7407430644589323,1.0
767,0.3433860487924483,0.5039098661537829,0.28521334568246925,0.9024159597006647,1.0
1191,0.3227541844247814,0.25784012542703943,0.5525965494216728,0.841625067059476,1.0
764,0.3875704014595909,0.24769595168514524,0.5677299847071747,0.8652581903488912,1.0
721,0.4753391168898601,0.46418855964706807,0.5329614233097121,0.7406248579248389,0.0
163,0.6809669068068567,0.8655812787421374,0.08312404419841904,0.47242605272011423,0.0
267,0.7854459179773419,0.8818433883261552,0.04890688607922114,0.3718959418787565,0.0
1324,0.5123441432475897,0.6250098223740584,0.074930536110453,0.5341571419478618,1.0
605,0.5846512198112052,0.8284957361541945,0.16738966549637066,0.6271584058484956,0.0
1366,0.33404005221065997,0.6554386017429569,0.21039265944385813,0.6594924393282232,1.0
830,0.40379608996964,0.6385590857895505,0.14284360393736406,0.46455167898742467,1.0
390,0.4816729045424717,0.82555089486505,0.14495013677386007,0.47419005792120167,0.0
1084,0.40110623138552964,0.12156170134744265,0.6549507829495769,0.7315711466943088,1.0
126,0.3388717016780968,1.0,0.37110302194843525,0.23692226556461804,0.0
348,0.7320237399851446,0.6318237435780383,0.26254851702673015,0.8166980368622531,0.0
703,0.6024057287497567,0.6854819698630854,0.3265168974949922,0.797767715067696,0.0
832,0.39807743619698716,0.26697399783720677,0.47537855127404316,0.7675504878292734,1.0
1290,0.5157908400579799,0.5892376715173604,0.08268033687294032,0.7179328405030143,1.0
1148,0.4886138935162149,0.49121150097101185,0.2096176793676094,0.8583212853596661,1.0
1016,0.363303982865673,0.16484750062676107,0.6297800848644108,0.7679032888694909,1.0
872,0.439036121988332,0.5895482456304467,0.12793417623365716,0.6685488784018476,1.0
154,0.6474338172194218,0.8209072505958908,0.22670751933142355,0.5719013975649454,0.0
880,0.33823709697192605,0.33441722451514894,0.5140974002196997,0.7717833728870582,1.0
231,0.33936928945907163,0.9629107155552729,0.360548818575398,0.2823044818462042,0.0
270,0.7848762160252112,0.890359854366934,0.04377625088849163,0.33027814906753233,0.0
1276,0.443070188722786,0.34750249768940344,0.32252783940379526,0.8234003473453541,1.0
934,0.3911833214344952,0.5562532039648714,0.2124229435457816,0.7227529392509343,1.0
595,0.7374178799875964,0.7859845012291999,0.18156676072113212,0.5416859888885858,0.0
552,0.7738932277581869,0.8853270569922207,0.05200852951946067,0.38024314174782003,0.0
711,0.6322826298595938,0.3481199040587921,0.5819027720938248,0.612937250516017,0.0
737,0.8074118945113906,0.7876122089303155,0.1210287117410128,0.6672576993371342,0.0
1003,0.23233743662967216,0.02686653171036535,0.9582527408619985,0.5676641479582094,1.0
1022,0.4602340825995717,0.3946573768835572,0.39166433325435634,0.8848941142238832,1.0
651,0.7210840202208137,0.3434762597896328,0.48217201197578996,0.8292788492139266,0.0
1004,0.2397075049217922,0.19697882483245838,0.7602946561268228,0.6904189057712067,1.0
698,0.7415067534921288,0.37661414347027283,0.45518771404570624,0.8148167344081035,0.0
1247,0.18494400334609756,0.027794512192840348,0.9636418463394146,0.5013502823317603,1.0
1160,0.39280589028550006,0.2694548488851138,0.43315312210567136,0.6914773088918592,1.0
1301,0.23925318564351084,0.5866034043413022,0.22619075107157477,0.5490875364849014,1.0
766,0.25052463059515834,0.20805097905682762,0.6620759471859048,0.8652581903488912,1.0
424,0.6479458278346278,0.75470257851351,0.23169052491007391,0.830102657828455,0.0
974,0.14509371236541696,0.7961286749710941,0.22194585047493917,0.09500168216990823,1.0
1273,0.33710490448478037,0.49903160746425596,0.30060525125465787,0.7381561599243478,1.0
199,0.9323136389531907,0.7351925372408297,0.10637775432399253,0.7499140729425243,0.0
570,0.7918352335417433,0.5501352681227479,0.2615516832877421,0.8388026587377361,0.0
700,0.7909698634878741,0.7409998989698668,0.14088784543476857,0.7713130018094693,0.0
761,0.6701209354650284,0.6491672497726823,0.2429116677795249,0.803058821389927,0.0
174,0.643402635051814,0.6078197323075657,0.33511534236543394,0.8115251370741156,0.0
772,0.33393188095392634,0.1735173827956909,0.6302582548947812,0.7179328405030143,1.0
280,0.5229625943794216,0.4981025044247457,0.5605703577659552,0.8599670840266601,0.0
1095,0.5917760999213957,0.6617885327056993,0.03152045146143409,0.425634450839721,1.0
262,0.6384628143276436,0.8000014967427137,0.18555151097421763,0.5529701664893569,0.0
986,0.5688048518414355,0.6456835811066167,0.07131195209684021,0.65032688653082,1.0
705,0.8225414476198719,0.39922618401703297,0.33005794042259895,0.8486792693017631,0.0
1365,0.18298970930777614,0.29787050930412695,0.6966980420875784,0.7292197459468798,1.0
48,0.7898160367493817,0.7423132907011117,0.12202813018286776,0.7152277294343363,0.0
442,0.7500667056083192,0.8821539624392416,0.06311844400887417,0.43962828591432757,0.0
489,0.7114639897886335,0.6223755551980004,0.2361935942447283,0.8292788492139266,0.0
975,0.2857307689534071,0.53813363667319,0.3441962651043574,0.7556752775580349,1.0
1299,0.429937477013608,0.5976755585656714,0.11630732117087043,0.6612564445293106,1.0
937,0.2985598800020193,0.22888189577432116,0.7374114200788334,0.7006483173754512,1.0
741,0.7664510452949109,0.39953301627333515,0.34873672647381915,0.7995317202687835,0.0
725,0.7687514873547803,0.37522217274656033,0.34951213733387904,0.7125235276466898,0.0
505,0.6928080537106348,0.8384041729186857,0.09873564951429128,0.6583194667976031,0.0
1254,0.22735434740280813,0.22229996969096005,0.6507807956576992,0.820460641770552,1.0
38,0.8372455271185342,0.6348434220028663,0.13701509897258063,0.8042345217636415,0.0
1172,0.005927784869004582,0.8518785991984943,0.23711633316819958,0.36154832374041845,1.0
643,0.5354195963048699,0.7702687027356715,0.30580911969328195,0.7215772388772198,0.0
119,0.5748797496195979,0.3732876327891427,0.4277252460852522,0.7503841712358038,0.0
372,0.5614210818567957,0.933335079533166,0.16816507635643055,0.4069396328323195,0.0
709,0.7435908530385307,0.6432813090511774,0.23663644000258474,0.7711954317720978,0.0
2,0.7866285903842966,0.4166482692041445,0.3106080513494303,0.78695090791711,0.0
917,0.6205568656296649,0.548896339341508,0.14284360393736406,0.8368040590305246,1.0
171,0.800272591566969,0.4233836114156567,0.32596118637861593,0.8711366922174637,0.0
1258,0.46309340948589817,0.5362754305941695,0.21109397548840117,0.7168744373823618,1.0
1029,0.41863718639349823,0.4521098459477562,0.33618799405518346,0.824223246678851,1.0
997,0.405195104890062,0.47835822291737606,0.32932130010554206,0.8131709357411095,1.0
1076,0.4679164052527963,0.21889113816057804,0.5170138066211473,0.8449166643934641,1.0
1149,0.5318672522337365,0.6392550711514068,0.03351498050703258,0.412468061503769,1.0
929,0.22534957344467765,0.6150976437527831,0.2616994421349646,0.7061749274848378,1.0
690,0.9298401228825477,0.7170744666918618,0.1241691257242553,0.7716657119215836,0.0
277,0.6061845113183193,0.336662338585653,0.590359058306589,0.6059994362457605,0.0
169,0.5163006872480512,0.7502123503725018,0.160966678872208,0.5522609272847959,0.0
79,0.5894468121930642,0.6637230726631169,0.3740926615977772,0.8539703756239941,0.0
799,0.2753535397240912,0.6198984460068775,0.2416197471299029,0.6990025187084572,1.0
806,0.06070570927893043,0.8401852967479523,0.22811012557348098,0.44056484537676055,1.0
241,0.40737295285896635,0.5739821214082852,0.5524500829258837,0.8485619720487011,0.0
829,0.34570812510366417,0.6310491792237144,0.12446205871583348,0.5343935550160488,1.0
1150,0.20429944688430723,0.6922958910670653,0.20655394490275059,0.3029997181228802,1.0
511,0.7922030158146378,0.6089797079106595,0.29326038727464626,0.8593796884803186,0.0
704,0.7748162891489807,0.7770826239396513,0.1479742391280936,0.7655518881220619,0.0
1154,0.48185607453720736,0.348894468413116,0.3184698559028152,0.8630240868545241,1.0
722,0.8572355753629147,0.8188941316460054,0.10058371206410066,0.6433890722605635,0.0
1306,0.4195386135329454,0.580796042612265,0.16395631852155,0.6483264682615456,1.0
528,0.7692058066330616,0.5700344625009822,0.2858767527516316,0.9526173654491393,0.0
145,0.5452985166114994,0.3932616643030605,0.3608072888620846,0.6877165225456232,0.0
115,0.6905076116507656,0.6243886741478857,0.19230620113296146,0.7661392836684034,0.0
1263,0.4444944436031125,0.6372419522015215,0.0692829603463502,0.4777180683233767,1.0
817,0.3212037297449322,0.6600074088764327,0.21334568246925284,0.6609109177373451,1.0
36,0.7016853081799106,0.7406107458643127,0.20762444267344435,0.7142875328477772,0.0
371,0.8073181460888881,0.36809767742949406,0.3510629590539988,0.7756634569046256,0.0
146,0.7860805226835126,0.5447151885708726,0.2752450082925884,0.9319221291724633,0.0
588,0.48778602283134664,0.8217566520858981,0.09271759967260432,0.5474417378179074,0.0
561,0.4835118159069439,0.4910565881001471,0.5579511921941974,0.8430362712203461,0.0
1297,0.3515349501330507,0.5200151919385437,0.18263510457277018,0.6988843121743638,1.0
657,0.4877874651147698,0.8217566520858981,0.09271759967260432,0.5474417378179074,0.0
1133,0.3632751371972107,0.49686357564350586,0.28514011243457477,0.9276939723760422,1.0
282,0.7153076751112362,0.36345403316033487,0.383914532491869,0.7476799694481574,0.0
1314,0.2550029206239318,0.045141760244268414,0.8808107351325738,0.7088791292724843,1.0
1334,0.42971392308302514,0.5036774968474856,0.2829215758071812,0.8148167344081035,1.0
608,0.8746078791943406,0.638095095548313,0.1730027785555819,0.8790110659501532,0.0
659,0.6656282226020236,0.6177319109288412,0.2849161048527797,0.7606135828400484,0.0
835,0.4398639926732003,0.5168404883871475,0.2172951084498245,0.805998526964729,1.0
314,0.5930092522481594,0.8291131425235831,0.13911732397096518,0.6951226165470963,0.0
274,0.8882807260454753,0.5205570128008921,0.2329454843086997,0.8812478972876147,0.0
469,0.5211619035256619,0.7588859743982159,0.3144463351067267,0.6979441155878048,0.0
432,0.8812135372722094,0.8233843597870135,0.08766450556788077,0.6345690462551261,0.0
12,0.6448016499722361,0.8020894528282825,0.2343481163977858,0.4944124680615038,0.0
874,0.30598763963106396,0.5890056763967416,0.20946992052038688,0.585185993434991,1.0
1355,0.06338114502880965,0.8412704352153626,0.21840265362827668,0.4467934204424561,1.0
491,0.7287353337804413,0.3907097179762542,0.448730264716652,0.8524418742100621,0.0
919,0.5723860415810311,0.6939984359038642,0.019083722833695943,0.2689016794420651,1.0
195,0.3738182290201848,0.8104525027409102,0.15602128072027055,0.610109386508088,0.0
685,0.8014480525568081,0.8012400513382751,0.13801020957632415,0.6709039162734026,0.0
51,0.8872999733177569,0.6644227998817573,0.16063497533762683,0.8691362739481892,0.0
153,0.7572853341410122,0.9311648025983454,0.04661942404204453,0.31416568918955784,0.0
393,0.7806503255954829,0.891523571826812,0.06027527085532128,0.43750966111095957,0.0
763,0.5359683851473653,0.5100266794388711,0.22633838068365394,0.809172827045655,1.0
1308,0.17367255839445012,0.03824926004782098,0.9478406961466388,0.4847740891277267,1.0
1246,0.3307155889203788,0.34486823051334536,0.5057186550929417,0.7721360829991726,1.0
229,0.9040593066943586,0.573286136046429,0.2295127404312146,0.9526173654491393,0.0
1278,0.546730704050653,0.6610925473438429,0.020225299933228524,0.3824799730852815,1.0
433,0.6685776922022948,0.8758040314764992,0.09364378486656474,0.5302745119434064,0.0
290,0.6930099733898709,0.6468435567097105,0.2541693411161609,0.7402720568846214,0.0
752,0.5355832954733936,0.7622910640718137,0.21334568246925284,0.7259281486128918,0.0
1220,0.3075813628136066,0.3022073213169839,0.4826501820061603,0.8115251370741156,1.0
963,0.26363498691127796,0.029343640901488166,0.7900833566674565,0.5299289851514407,1.0
447,0.7899530536745777,0.6266337882183898,0.26771576884140696,0.8323358520417906,0.0
597,0.9122803222061169,0.9008146022219146,0.02092747754539387,0.38142520708875494,0.0
621,0.7526700271870426,0.5583411600504402,0.3199086738320374,0.9669658201260264,0.0
68,0.5800142786058889,0.8066582599617582,0.2155603420423461,0.5353301144784819,0.0
533,0.5111022651061161,0.767323861446527,0.2738449609063692,0.6924175054784182,0.0
1035,0.21985447360260768,0.7336434085321819,0.251290412906283,0.32827773079825784,1.0
268,0.5748797496195979,0.3732876327891427,0.4277252460852522,0.7503841712358038,0.0
860,0.2582841154115195,0.6160293660920422,0.23468025071617812,0.6843067186775417,1.0
1139,0.39801974486006253,0.27293851755117926,0.47571025480862433,0.8566745774116407,1.0
263,0.8675406904210747,0.7849779417542573,0.08622137980054712,0.6717222692017422,0.0
1157,0.13248815524738766,0.7869910607041426,0.23076774290822155,0.11346008710912281,1.0
924,0.6225255825022176,0.5981432906636932,0.09338531457987811,0.7666102912427144,1.0
1179,0.27145937448167945,0.5828091615621503,0.23549227820018526,0.5596715676914263,1.0
950,0.3571814897345478,0.4972508578206678,0.3011221918280311,0.9358047591769189,1.0
745,0.5624515933626117,0.6287254861607428,0.3533504210911754,0.7710778617347264,0.0
959,0.04645594905854955,0.7566408603277118,0.274396364184634,0.17554579593915087,1.0
1008,0.3678688098998335,0.19039689874909732,0.6220992095117066,0.8627885830673686,1.0
916,0.4689656664431128,0.32202793670275065,0.37590195360458356,0.7820126935631996,1.0
230,0.4112815409356093,0.5734432940313643,0.532737415727917,0.8710184856833701,0.0
683,0.820558307913088,0.3812615295962163,0.38660693131152135,0.8453876719677751,0.0
566,0.6983247878040515,0.7992269323883898,0.21541258319512355,0.625630813715595,0.0
1229,0.5250517419178043,0.5934959045377497,0.08330928123721112,0.7167562308482682,1.0
459,0.563684024547664,0.854202292261466,0.12394511814246023,0.6510270329250661,0.0
535,0.64828476443906,0.33674091757812064,0.5950459861718398,0.607527028378661,0.0
37,0.7695303204032625,0.5457992044812477,0.29783531134899954,0.8478563699682661,0.0
645,0.7186465612357485,0.7416173053392554,0.22290563680616884,0.7239286396246488,0.0
1070,0.2812308446732868,0.02756251707222157,0.9030693346544038,0.7171090318884857,1.0
1039,0.5813483907722707,0.5566386152136413,0.1286363538458225,0.8312783582021696,1.0
1074,0.4775724927705544,0.6242352580197346,0.15078294957675492,0.5766023804977405,1.0
1023,0.3800993733278527,0.11250266607295872,0.6679087599887997,0.6859525173445357,1.0
417,0.5908963070332952,0.567246779196773,0.45485601051112506,0.7376851523500368,0.0
742,0.5555682957257931,0.8768105909514419,0.21530187175565946,0.6259854333178756,0.0
819,0.3973418716511983,0.3246622038788088,0.5153897516531329,0.7931822108259,1.0
223,0.8429064895542624,0.9094844843908445,0.030193637323109396,0.3948280094928939,0.0
642,0.8779323424846218,0.5142079050466423,0.24176707519331425,0.8786655391581877,0.0
1319,0.5556937743836042,0.5136658970914547,0.21962047946238183,0.7985915236822245,1.0
854,0.322112368301495,0.3036778710331641,0.4906239903504427,0.8365694645244006,1.0
760,0.7415860790804002,0.5307004381714294,0.2880909815409137,0.8859488802204097,0.0
1259,0.37523887819195356,0.2795952807702238,0.47113533073427105,0.7950635132800494,1.0
694,0.5612386330037716,0.5290742272130277,0.3224546061559007,0.821283541104049,0.0
521,0.5665044097815662,0.8579965350406178,0.1351325737178797,0.3970648408303554,0.0
1038,0.45673005502311265,0.30731495582738066,0.4021108406746075,0.8593796884803186,1.0
1242,0.2478419834281635,0.291831152454471,0.662446421263489,0.7019413150022278,1.0
1147,0.3853276507366463,0.24908792240885774,0.47714907273784657,0.7924775180264965,1.0
164,0.8601201422091457,0.5752206760038466,0.22770410278501738,0.9264027933113288,0.0
1104,0.29010088772544695,0.5818811810796753,0.25948478256187135,0.7360393536830429,1.0
581,0.36600826428401456,0.9571033538262357,0.21028194800439404,0.06149467615956061,0.0
618,0.6419098717088896,0.6353859912365715,0.22083873608029814,0.7534411740636678,0.0
465,0.3132062681637569,0.9718163347016056,0.25686389385486896,0.0,0.0
160,0.871665621011185,0.6611673844795265,0.16609731406293754,0.8557343808250817,0.0
841,0.22761395841896898,0.03468701238928784,0.77893467163504,0.4921847295343572,1.0
335,0.757833401841796,0.36298630106231317,0.41244534430396107,0.9174645607717977,0.0
516,0.3348837880131825,0.9870681429538966,0.3546427725246086,0.2509070078289096,0.0
936,0.4156300254563025,0.4252395723806067,0.4247356064359102,0.8205779390236141,1.0
1027,0.5162624667373387,0.6551280276298705,0.03653908286126609,0.3795429953535739,1.0
732,0.312095709927958,0.9439432435162977,0.3185775518556013,0.41693263136837705,0.0
